rs6656401_A,rs429358_C,rs7412_T,rs55636820_A,rs6733839_T,rs35349669_T,rs190982_G,rs17070145_T,rs9271192_C,rs75932628_T,rs3747742_C,rs10948363_G,rs2718058_G,rs1476679_C,rs11771145_A,rs28834970_C,rs9331896_C,rs6265_T,rs10838725_C,rs983392_G,rs10792832_A,rs11218343_C,rs9536314_G,rs9527025_C,rs17125944_C,rs17125721_G,rs10498633_T,rs115550680_G,rs4147929_A,rs145999145_A,rs114282264_C,rs7274581_C,rs4680_G,apoe2cnt,apoe4cnt,APOE_score,rs4680_A_SEE_DATA_DICT,Overall_RiskScore_WO_APOE,BostonNamingTestEstimatedTotalScoreoutof60_slope,CategoryFluencyAnimalsRawScore_slope,WAISRDigitSymbolTotalRaw_slope,WAISRDigitSymbolScaledScore_slope,WMSRLogicalMemoryIIStoryARawScore_slope,WMSRLogicalMemoryIStoryARawScore_slope,MMSETotalScore_slope,LetterFluencyCFLTotalRawScore_slope,ReyAuditoryVerbalLearningTestRAVLTTrialTrials15Raw_slope,TrailMakingTestTrailsAErrors_slope,TrailMakingTestTrailsATime_slope,TrailMakingTestTrailsBErrors_slope,TrailMakingTestTrailsBTime_slope,BostonNamingTestEstimatedTotalScoreoutof60_int,CategoryFluencyAnimalsRawScore_int,WAISRDigitSymbolTotalRaw_int,WAISRDigitSymbolScaledScore_int,WMSRLogicalMemoryIIStoryARawScore_int,WMSRLogicalMemoryIStoryARawScore_int,MMSETotalScore_int,LetterFluencyCFLTotalRawScore_int,ReyAuditoryVerbalLearningTestRAVLTTrialTrials15Raw_int,TrailMakingTestTrailsAErrors_int,TrailMakingTestTrailsATime_int,TrailMakingTestTrailsBErrors_int,TrailMakingTestTrailsBTime_int,age_at_sample,NFL,Ab_142,hTau,Ptau,Neurogranin
1,0.0,0.0,0.0,0.0,1.0,1.0,2.0,0.0,0.0,0.0,1.0,2.0,0.0,2.0,1.0,1.0,0.0,0.0,0.0,1.0,0.0,0.0,0.0,1.0,0.0,0.0,0.0,0.0,0.0,0.0,0.0,1.0,0.0,0.0,0.6952449786,1.0,2.293139772,0.9818193413,0.5309206416,0.6093104424,0.666576481,0.4806574105,0.4145397555,0.9080100548,0.3702690077,0.3321018219,0.9453206234,0.8152441809,0.4516020635,0.5854532846,3470.28918843,0.4584367792,0.5547716837,0.5622294448,0.3146150625,0.3066185823,0.9076685379,0.2933802533,0.2987696789,0.9832028165,0.8495074064,0.6367963736,0.6206617206,0.8084156838,1881,785.33,357.47,71.218,893.0
0,0.0,0.0,0.0,0.0,2.0,0.0,0.0,0.0,0.0,0.0,1.0,1.0,0.0,1.0,1.0,2.0,0.0,1.0,1.0,2.0,0.0,0.0,0.0,0.0,0.0,0.0,0.0,0.0,0.0,0.0,0.0,0.0,0.0,0.0,0.6952449786,2.0,2.005575582,0.9552275805,0.6368600961,0.6091068499,0.6178306252,0.4543124186,0.4394367574,0.9487307815,0.4257015931,0.3183823978,0.9064554945,0.6406769317,0.9419564605,0.8340637314,3284.85503031,0.5695495047,0.5545579033,0.5069746225,0.2894096438,0.3298989461,0.9485319062,0.3450833587,0.2857708385,0.9685992072,0.6930450052,0.0775589447,0.854141783,0.9180745936,729,660.46,176.41,32.398,125.0
0,1.0,0.0,0.0,1.0,0.0,0.0,0.0,1.0,0.0,0.0,1.0,0.0,0.0,0.0,2.0,1.0,0.0,0.0,1.0,1.0,0.0,0.0,0.0,0.0,0.0,0.0,0.0,1.0,0.0,0.0,0.0,2.0,0.0,1.0,1.9137853432,0.0,2.7809916204,0.9436500004,0.5546521513,0.6681467463,0.7181796711,0.437451615,0.4211308807,0.999687015,0.5016706253,0.641026333,0.9820929201,0.6567780776,0.9590313616,0.8187955849,3205.7111638,0.4827593419,0.6173480271,0.6231543544,0.2737627298,0.3127280728,0.9996857357,0.4192329843,0.6064467158,0.9949816398,0.708056668,0.0549928094,0.8403196985,0.471150781,760,602.03,346.18,53.077,362.0
0,0.0,0.0,0.0,0.0,0.0,0.0,0.0,1.0,0.0,1.0,1.0,0.0,1.0,2.0,1.0,1.0,0.0,0.0,0.0,1.0,0.0,0.0,0.0,1.0,0.0,1.0,0.0,0.0,0.0,0.0,0.0,1.0,0.0,0.0,0.6952449786,1.0,2.1841150273,0.9281911316,0.5333065648,0.4955929604,0.6024400177,0.4572645008,0.3263790699,0.9120819307,0.4078956091,0.6603814846,0.9604333376,0.9508097785,0.7395627964,0.8690316831,3101.53959634,0.460867303,0.4383211262,0.4899923697,0.2921880966,0.228614626,0.9117540671,0.3282544252,0.6266785306,0.9882835858,0.9614491219,0.329186924,0.8855430437,0.0,365,1019.0,313.032,48.002,359.955
2,0.0,0.0,0.0,0.0,2.0,0.0,1.0,0.0,0.0,1.0,1.0,2.0,0.0,0.0,2.0,0.0,0.0,1.0,1.0,2.0,0.0,0.0,0.0,0.0,0.0,0.0,0.0,1.0,0.0,0.0,0.0,1.0,0.0,0.0,0.6952449786,1.0,2.9061121834,0.9726883034,0.5392452375,0.2815164205,0.2370710018,0.7085130577,0.925713656,0.9922115938,0.5516045792,0.4216830246,0.948905224,0.795759554,0.5867748083,0.7293396767,3406.04112799,0.4669313773,0.2351764874,0.1521536468,0.5711416819,0.8951342731,0.9921799976,0.4700441641,0.385036417,0.9844382148,0.8327309648,0.4997720101,0.7579771993,0.7035384125,792,877.8,480.89,60.402,299.0
0,0.0,0.0,0.0,1.0,0.0,0.0,1.0,1.0,0.0,1.0,1.0,1.0,1.0,2.0,1.0,1.0,0.0,1.0,0.0,1.0,0.0,0.0,0.0,0.0,0.0,0.0,0.0,0.0,0.0,0.0,0.0,1.0,0.0,0.0,0.6952449786,1.0,2.3506386514,0.9249285692,0.2250392992,0.4952440637,0.4879492298,0.3687275032,0.3206702426,0.6822108077,0.7278227353,0.538980754,0.9805183956,0.7693089554,0.9495225808,0.7652727771,3079.77428948,0.1742814232,0.437972962,0.3706428691,0.2138987254,0.2238017904,0.6813243891,0.6624994741,0.5016407781,0.9945179074,0.809680367,0.0675852639,0.7913319563,0.4376793114,809,958.32,335.36,55.685,505.0
0,1.0,0.0,0.0,0.0,2.0,0.0,,1.0,0.0,1.0,2.0,1.0,0.0,0.0,1.0,0.0,0.0,0.0,1.0,1.0,1.0,0.0,0.0,0.0,0.0,2.0,0.0,1.0,0.0,0.0,0.0,2.0,0.0,1.0,1.9137853432,0.0,2.3643289178,0.9479955698,0.4693578213,0.3034841681,0.2502745218,0.5379640804,0.5784577704,0.7360851285,0.3973811621,0.4198588541,0.9354272577,0.6613552649,0.4496773504,0.6090356604,3235.3041611,0.3968689695,0.2550555745,0.1621792072,0.3726315536,0.4700261848,0.7352908495,0.3184151194,0.3832556837,0.9796954388,0.7123026096,0.6386532653,0.643578726,0.7197959834,660,588.27,304.72,44.938,566.0
0,0.0,0.0,0.0,0.0,1.0,1.0,0.0,1.0,0.0,1.0,0.0,1.0,1.0,1.0,1.0,0.0,0.0,0.0,0.0,1.0,0.0,0.0,0.0,0.0,0.0,1.0,0.0,1.0,0.0,0.0,1.0,0.0,0.0,0.0,0.6952449786,2.0,2.1577082168,0.9599787751,0.3765410994,0.6996651916,0.7415461763,0.7104918235,0.6701711748,0.9093345004,0.3507412489,0.6815305612,0.5021403865,0.5757440706,0.859108891,0.751101539,3317.61329478,0.3082151602,0.6515224562,0.6515642964,0.5736719442,0.5718793465,0.9089974096,0.2756490103,0.6489142519,0.6853568419,0.631308877,0.1840951787,0.7782222999,0.8284985655,681,402.79,352.21,59.156,303.0
0,0.0,1.0,0.0,0.0,0.0,1.0,0.0,0.0,0.0,0.0,0.0,1.0,0.0,1.0,1.0,0.0,0.0,2.0,1.0,2.0,0.0,0.0,0.0,0.0,0.0,0.0,0.0,0.0,0.0,0.0,1.0,2.0,1.0,0.0,0.3208508557,0.0,1.9345460762,0.9723899332,0.5158339405,0.4402676235,0.4989699243,0.591009606,0.6699857746,0.8206933877,0.3155292769,0.3819617935,0.7216564944,0.6788371684,0.7239301887,0.6151188708,3403.95185587,0.4431447805,0.3838087768,0.3815958808,0.430227789,0.5716659028,0.8200917176,0.2443120704,0.3464872377,0.8688687759,0.728431644,0.3474057636,0.6494641204,0.8418871533,570,884.57,394.56,64.998,255.0
2,0.0,0.0,1.0,0.0,1.0,1.0,0.0,2.0,0.0,1.0,0.0,2.0,0.0,2.0,0.0,0.0,0.0,0.0,2.0,0.0,0.0,0.0,0.0,0.0,0.0,0.0,0.0,0.0,0.0,0.0,0.0,2.0,0.0,0.0,0.6952449786,0.0,2.4250895449,0.97910203,0.4424578837,0.4058502613,0.4382702111,0.6574763601,0.8302371424,0.9728673959,0.3550784731,0.5659018074,0.933191144,0.7645151506,0.9582641457,0.7700390674,3451.10682686,0.3706594432,0.3506048051,0.3226847236,0.5076804426,0.7675630726,0.9727594698,0.2795654925,0.5289861355,0.9788828181,0.8054686934,0.0560112253,0.7957281046,0.7510360217,1079,536.0,578.0,62.0,810.195
0,1.0,0.0,0.0,1.0,1.0,0.0,0.0,0.0,0.0,0.0,0.0,2.0,1.0,1.0,0.0,1.0,0.0,0.0,0.0,0.0,0.0,0.0,0.0,0.0,0.0,0.0,0.0,2.0,0.0,0.0,0.0,1.0,0.0,1.0,1.9137853432,1.0,2.5072340514,0.9569273258,0.3268077972,0.5801726306,0.5862173035,0.8593698429,0.8061568527,0.9931829182,0.1862745993,0.697401923,0.9746386762,0.7895298531,0.6739708751,0.7307792198,3296.55566491,0.2627758246,0.5243689545,0.4723327404,0.7789824663,0.7366683324,0.9931552355,0.1362916468,0.6656893833,0.9927540787,0.8273306948,0.4044606002,0.7593206529,0.4864520242,612,849.52,335.36,51.296,512.0
2,0.0,0.0,1.0,2.0,2.0,2.0,0.0,0.0,0.0,0.0,1.0,1.0,2.0,0.0,0.0,1.0,0.0,1.0,0.0,1.0,0.0,0.0,0.0,0.0,0.0,1.0,0.0,1.0,0.0,0.0,0.0,2.0,0.0,0.0,0.6952449786,0.0,2.8514905033,0.9629311949,0.4746501226,0.5504335504,0.534778047,0.7422105049,0.7021570736,0.600499488,0.6837125577,0.5221220338,0.9685777326,0.8193029663,0.8238233477,0.9352589208,3338.05135004,0.4020750253,0.4937400053,0.4179713692,0.614941808,0.6091609969,0.5995186187,0.6124033023,0.4846272592,0.9908828456,0.8529803203,0.2279820851,0.9440429304,0.5757092764,676,510.2,346.69,57.175,400.0
0,0.0,0.0,0.0,0.0,2.0,1.0,0.0,0.0,0.0,1.0,0.0,0.0,1.0,0.0,0.0,2.0,1.0,1.0,0.0,1.0,0.0,2.0,2.0,0.0,0.0,1.0,0.0,1.0,0.0,1.0,0.0,1.0,0.0,0.0,0.6952449786,1.0,2.1160789045,0.9895822239,0.3711018627,0.7340001145,0.7653137953,1.0,1.0,0.839267582,0.8818048397,0.9889606578,0.6635875773,0.8322413274,0.7389111083,0.8614521628,3525.38272051,0.3031754253,0.6892687237,0.6809878915,1.0,1.0,0.8387160317,0.8474361822,0.9873200532,0.8271948852,0.8640010478,0.329949911,0.8787667414,0.3908192541,503,604.77,201.52,34.264,198.0
1,0.0,0.0,0.0,1.0,1.0,1.0,0.0,1.0,0.0,0.0,0.0,0.0,0.0,2.0,1.0,0.0,1.0,2.0,0.0,0.0,0.0,0.0,0.0,0.0,0.0,1.0,0.0,0.0,0.0,0.0,0.0,2.0,0.0,0.0,0.6952449786,0.0,2.8648499494,0.9397343765,0.1685748747,0.315378612,0.2834163695,0.1960566646,0.1549271006,0.4266074911,0.1239722312,0.3804990903,0.9550806381,0.6114291354,0.8389582653,0.7153475067,3179.16251439,0.1277822749,0.2659113897,0.188065268,0.0912144143,0.0967081157,0.4256073491,0.0881598923,0.3450767468,0.98652234,0.6654745401,0.20926667,0.744887682,0.7427478483,750,901.87,306.49,50.725,287.0
1,0.0,0.0,0.0,0.0,1.0,0.0,1.0,0.0,0.0,0.0,0.0,0.0,1.0,0.0,0.0,1.0,1.0,1.0,0.0,0.0,0.0,0.0,0.0,0.0,0.0,0.0,0.0,0.0,0.0,0.0,0.0,1.0,0.0,0.0,0.6952449786,1.0,2.5218366888,0.8798673606,0.3707386165,0.6860168099,0.7270753153,0.2449539898,0.0189810945,0.8479265595,0.4748669714,0.4391990778,0.9101438623,0.7472629729,0.9374503785,0.9251398401,2786.99966003,0.3028394724,0.63666808,0.6339096009,0.1219307332,0.010700878,0.8473993384,0.3926367056,0.4021862849,0.9700802022,0.7902249982,0.0834794578,0.9351869035,0.839655722,973,786.02,354.84,63.653,464.0
2,0.0,0.0,0.0,0.0,0.0,2.0,0.0,0.0,0.0,2.0,1.0,1.0,0.0,2.0,1.0,2.0,0.0,0.0,2.0,2.0,0.0,0.0,0.0,0.0,0.0,0.0,0.0,0.0,0.0,0.0,0.0,1.0,0.0,0.0,0.6952449786,1.0,1.7498589186,0.9336031995,0.3814187783,0.2254312363,0.2248156578,0.805352087,0.8573916451,0.6735429684,0.305485677,0.5032975622,0.6566452277,0.6383461307,0.9430035916,0.6420556052,3137.81376257,0.3127492291,0.1854267317,0.1429945325,0.7010807782,0.8030206505,0.6726439418,0.2355236385,0.4657308803,0.8218818493,0.6908621449,0.0761810502,0.6753958831,0.3570290086,415,749.59,241.02,39.433,238.0
0,2.0,0.0,0.0,1.0,0.0,2.0,0.0,0.0,0.0,1.0,1.0,1.0,0.0,1.0,1.0,1.0,0.0,0.0,0.0,1.0,0.0,0.0,0.0,0.0,0.0,1.0,0.0,0.0,0.0,0.0,0.0,2.0,0.0,2.0,3.2519739872,0.0,2.1295367249,0.9821030049,0.2921331095,0.3830988842,0.3686586805,0.6857556163,0.635799888,0.8834217359,0.3185821481,0.5524956373,0.9337947049,0.7654035261,0.8389731369,0.7724621263,3472.29472427,0.2319467915,0.3289535215,0.2593832368,0.5424160182,0.5328315784,0.8830006537,0.2469966026,0.5153414432,0.9791028789,0.8062499791,0.2092481998,0.7979604658,0.6783551164,457,699.0,270.023,43.907,436.712
0,2.0,0.0,0.0,0.0,2.0,2.0,,0.0,0.0,0.0,0.0,0.0,0.0,0.0,2.0,1.0,0.0,1.0,1.0,1.0,0.0,0.0,0.0,0.0,0.0,0.0,0.0,2.0,0.0,0.0,0.0,1.0,0.0,2.0,3.2519739872,1.0,2.6079742467,0.9400569016,0.2694646077,0.3045700209,0.3023133318,0.8033403439,0.6957284954,0.9924342118,0.1380183383,0.6237268138,0.9454767054,0.7867610053,0.9795036038,0.8249048587,3181.34512136,0.2121707075,0.2560439212,0.2032867873,0.6982545189,0.601595011,0.9924035119,0.0987877142,0.5884589297,0.9832570009,0.8249248275,0.0276623896,0.8458584739,0.7494421422,561,357.26,559.41,66.142,566.0
0,0.0,1.0,0.0,1.0,2.0,1.0,1.0,0.0,0.0,0.0,0.0,0.0,0.0,1.0,0.0,0.0,0.0,1.0,1.0,1.0,0.0,0.0,0.0,0.0,0.0,1.0,0.0,0.0,0.0,0.0,1.0,0.0,1.0,0.0,0.3208508557,2.0,2.232569877,0.9170053966,0.344937785,0.4242291586,0.4861262244,0.3862231051,0.5020721489,0.8619752396,0.3092555017,0.3134429555,0.6098333331,0.650819829,0.8025005275,0.7664945041,3027.23603071,0.2791737103,0.3682682178,0.3688420525,0.2285425749,0.3909052193,0.8614887954,0.2388145419,0.2811046797,0.7842121589,0.7025153314,0.25407181,0.7924594343,0.859101052,675,1006.2,250.76,37.874,188.0
0,0.0,0.0,1.0,1.0,0.0,2.0,2.0,1.0,0.0,1.0,0.0,0.0,1.0,2.0,0.0,0.0,0.0,0.0,0.0,1.0,0.0,0.0,0.0,1.0,0.0,0.0,0.0,0.0,0.0,0.0,0.0,2.0,0.0,0.0,0.6952449786,0.0,2.29233771,0.941454109,0.8280522918,0.4413423124,0.446624204,0.6140285035,0.6414950168,0.9354757992,0.5783556484,0.9890544954,0.9306730738,0.7167789273,0.9111959324,0.8404291302,3190.80902165,0.7866123106,0.3848543161,0.3305872512,0.4563860991,0.539228952,0.9352290042,0.4979416487,0.987427682,0.9779589587,0.7629588501,0.1176867476,0.859884331,0.5090851132,832,845.0,296.0,33.0,229.613
1,0.0,1.0,0.0,0.0,2.0,2.0,0.0,0.0,0.0,0.0,1.0,1.0,0.0,0.0,0.0,1.0,0.0,1.0,1.0,1.0,0.0,0.0,0.0,0.0,0.0,0.0,0.0,1.0,0.0,0.0,0.0,2.0,1.0,0.0,0.3208508557,0.0,2.4658458701,0.9561047488,0.2863628719,0.5728584768,0.5723751523,0.5360962236,0.3801850932,0.884555045,0.1011516916,0.2703423587,0.7592454097,0.8777429194,0.8428672627,0.5991926899,3290.89064652,0.2268844358,0.5167983649,0.4574599184,0.3706716818,0.2753998411,0.8841375215,0.0711704268,0.2406998503,0.8932097401,0.902153818,0.204406342,0.6340330912,0.6805865477,384,621.0,199.162,35.513,172.812
0,0.0,0.0,1.0,1.0,0.0,1.0,1.0,1.0,0.0,1.0,1.0,1.0,1.0,1.0,0.0,2.0,0.0,1.0,0.0,1.0,0.0,0.0,0.0,1.0,1.0,0.0,0.0,1.0,0.0,0.0,0.0,1.0,0.0,0.0,0.6952449786,1.0,2.4080856095,0.9449719863,0.6232250988,0.5768060918,0.5442650234,0.6507339979,0.625200042,0.8055951886,0.7082865842,0.6775364192,0.2818606814,0.7845334693,0.8326285612,0.8254846044,3214.69939754,0.5548823733,0.5208813394,0.4278104128,0.4995558241,0.5210015117,0.8049548568,0.6401538505,0.6447045933,0.4302066093,0.8229867772,0.2171136984,0.8463835191,0.6244819892,570,988.09,303.47,42.275,327.0
0,0.0,1.0,0.0,0.0,2.0,1.0,2.0,1.0,0.0,0.0,0.0,1.0,0.0,0.0,1.0,0.0,0.0,0.0,0.0,1.0,0.0,1.0,1.0,0.0,0.0,1.0,0.0,1.0,0.0,0.0,0.0,2.0,1.0,0.0,0.3208508557,0.0,2.5621738246,0.9898528289,0.625429683,0.6122429705,0.5974030944,0.7197734983,0.6660117741,0.8327711338,0.9975670791,0.664839946,0.6548938632,0.6157490108,0.9450357425,0.8652734183,3527.31104219,0.5572465046,0.5578530641,0.4844828522,0.5856100099,0.5670981475,0.832201733,0.9967667649,0.6313548863,0.8205303573,0.6695711714,0.0735047582,0.8821851337,0.3882690469,481,862.75,318.14,44.035,275.0
0,0.0,0.0,0.0,0.0,1.0,1.0,1.0,0.0,0.0,0.0,0.0,1.0,0.0,1.0,0.0,1.0,0.0,1.0,0.0,0.0,0.0,0.0,0.0,0.0,0.0,0.0,0.0,1.0,0.0,0.0,0.0,0.0,0.0,0.0,0.6952449786,2.0,2.3398929709,0.9673289874,0.5773432599,0.3573165194,0.367858517,0.7504837861,0.8008181621,0.9552185894,0.3972936965,0.8019774028,0.9436643242,0.4224765291,0.9270231175,0.7137369226,3368.61133179,0.5063221764,0.3047044898,0.2586820572,0.6259264331,0.7298886928,0.9550436926,0.3183335758,0.7781125586,0.9826256271,0.4779792963,0.0971241909,0.7433773531,0.4826267134,764,670.09,341.44,44.698,577.0
1,0.0,0.0,1.0,1.0,0.0,2.0,1.0,0.0,0.0,0.0,0.0,0.0,2.0,0.0,1.0,2.0,0.0,0.0,1.0,0.0,0.0,1.0,1.0,0.0,0.0,0.0,0.0,0.0,0.0,0.0,0.0,1.0,0.0,0.0,0.6952449786,1.0,2.1664401746,0.9864015523,0.5254741247,0.2559942241,0.2738914361,0.6794172752,0.6516883945,0.889102572,0.1720514631,0.5394795775,0.91660374,0.6291636967,0.8713350194,0.8335447333,3502.75688021,0.4529008652,0.2123585893,0.180520027,0.534538093,0.5507512549,0.8886994333,0.125078051,0.502145483,0.9726260002,0.6822384898,0.1686814147,0.8536730501,0.1641695888,296,826.0,100.188,85.35,155.528
0,0.0,0.0,0.0,2.0,0.0,1.0,0.0,0.0,0.0,2.0,0.0,2.0,1.0,1.0,1.0,2.0,0.0,1.0,1.0,2.0,0.0,0.0,0.0,0.0,0.0,0.0,0.0,0.0,0.0,0.0,1.0,1.0,0.0,0.0,0.6952449786,1.0,1.7867596008,0.9743622332,0.4637259021,0.3711338189,0.4602809962,0.2909470191,0.298794834,0.9906906824,0.7275521881,0.2847524435,0.7755304299,0.767732347,0.9311829492,0.8484239223,3417.7743412,0.3913467369,0.3176621678,0.3436471345,0.1537256072,0.2056280182,0.9906529741,0.662188301,0.2541465149,0.9031122356,0.8082963664,0.0916900929,0.867080182,0.2766974817,468,749.33,210.3,37.523,307.0
0,0.0,1.0,0.0,1.0,2.0,1.0,0.0,0.0,0.0,1.0,1.0,0.0,2.0,2.0,1.0,0.0,1.0,1.0,0.0,2.0,0.0,1.0,1.0,1.0,0.0,0.0,0.0,1.0,0.0,0.0,0.0,2.0,1.0,0.0,0.3208508557,0.0,2.5882410661,0.9475221289,0.2305906033,0.3155877828,0.3682913751,0.5487202081,0.4713290476,0.6601269573,0.500238663,0.6001499422,0.9047126395,0.5926086882,0.9439269007,0.6388338139,3232.07346534,0.1789531892,0.2661028756,0.2590612941,0.3840078725,0.3605257423,0.6592096278,0.4178001204,0.5640888687,0.9678924591,0.6475276335,0.0749654405,0.6723053764,0.9314631814,1398,378.74,614.99,78.11,448.0
0,0.0,0.0,0.0,1.0,1.0,0.0,0.0,0.0,0.0,1.0,0.0,1.0,0.0,0.0,1.0,1.0,1.0,1.0,1.0,0.0,0.0,0.0,0.0,1.0,0.0,0.0,0.0,0.0,0.0,0.0,0.0,1.0,0.0,0.0,0.6952449786,1.0,2.6978910223,0.9720549907,0.6950127102,0.5208430739,0.4841333609,0.6878445013,0.6732465404,0.4313484867,0.6455573994,0.7265240673,0.9284742392,0.8123079941,0.6504441255,0.7021883725,3401.60725806,0.6333191431,0.463666321,0.3668770155,0.5450240029,0.5754243493,0.4303455912,0.5701053269,0.6966667463,0.977144623,0.8469903758,0.4307116548,0.7325256282,0.532036978,677,763.0,186.0,25.0,334.909
1,2.0,0.0,0.0,1.0,2.0,2.0,0.0,0.0,0.0,0.0,1.0,1.0,0.0,0.0,1.0,0.0,0.0,1.0,0.0,0.0,1.0,0.0,0.0,0.0,0.0,1.0,0.0,0.0,0.0,0.0,1.0,1.0,0.0,2.0,3.2519739872,1.0,2.5321816239,0.9728955127,0.1963627465,0.3932009717,0.4145739734,0.2261371003,0.1616003469,0.8014973639,0.3983745835,0.3419821253,0.7386512997,0.6288054145,0.9717517266,0.8968674973,3407.49244311,0.1504340042,0.3385378685,0.3006256444,0.1097338439,0.1013532062,0.8008468605,0.3193416334,0.3081660799,0.8801303831,0.6819012325,0.0380463332,0.9102860245,0.6636914249,450,265.08,365.41,56.01,351.0
0,0.0,0.0,0.0,1.0,2.0,1.0,2.0,1.0,0.0,0.0,2.0,0.0,1.0,2.0,2.0,0.0,0.0,0.0,1.0,0.0,0.0,0.0,0.0,0.0,0.0,0.0,0.0,0.0,1.0,0.0,1.0,1.0,0.0,0.0,0.6952449786,1.0,2.675111122,0.9564716949,0.2763319962,0.6080727905,0.5918246401,0.4942617864,0.3957489617,0.9905992441,0.3098436678,0.7544242978,0.9677694974,0.9213936551,0.1305031451,0.726332869,3293.41717102,0.21813026,0.5534723923,0.4784087964,0.3279924784,0.2894129785,0.9905611689,0.2393288322,0.7265834292,0.9906292452,0.9378694065,0.9099993567,0.7551691564,0.500159388,498,854.34,241.29,42.211,219.0
0,0.0,0.0,0.0,1.0,2.0,1.0,0.0,1.0,0.0,0.0,1.0,2.0,1.0,0.0,0.0,0.0,0.0,0.0,2.0,1.0,0.0,0.0,0.0,0.0,1.0,0.0,0.0,0.0,0.0,0.0,0.0,1.0,0.0,0.0,0.6952449786,1.0,2.3379710168,0.9095030807,0.1504201177,0.4808480116,0.5713923962,0.2691978588,0.0815957479,0.8568393237,0.2920334819,0.5872337761,0.8891326952,0.6828750715,0.9460919836,0.8245561348,2977.90507387,0.1132258906,0.4236557632,0.4564108276,0.1383397327,0.0482727186,0.8563377852,0.2238568156,0.5508089994,0.9613768138,0.7321372998,0.0721125507,0.8455426061,0.9002231431,387,564.0,188.828,33.462,221.907
1,0.0,1.0,0.0,1.0,0.0,1.0,1.0,0.0,0.0,1.0,0.0,0.0,1.0,1.0,0.0,0.0,0.0,1.0,1.0,1.0,0.0,1.0,1.0,0.0,0.0,0.0,0.0,0.0,0.0,0.0,0.0,1.0,1.0,0.0,0.3208508557,1.0,2.3719956047,0.9802367921,0.3892722865,0.2101736089,0.2489262244,0.2611767808,0.3279151299,0.8960899309,0.1635915289,0.3322553435,0.9104615093,0.1510814379,0.8618967368,0.5530556365,3459.11100691,0.3200785939,0.1721420045,0.1611479273,0.1328242652,0.2299145523,0.8957092243,0.1184714729,0.2989154572,0.9702068148,0.1802570214,0.1805898686,0.5889150593,1.0,870,723.21,312.81,48.215,264.0
0,1.0,0.0,0.0,0.0,1.0,1.0,1.0,1.0,0.0,2.0,0.0,2.0,1.0,1.0,1.0,1.0,0.0,0.0,0.0,0.0,0.0,0.0,0.0,0.0,0.0,1.0,0.0,1.0,0.0,0.0,0.0,0.0,0.0,1.0,1.9137853432,2.0,2.2014100731,0.9897801275,0.9577089012,0.464214194,0.4999679995,0.6844798898,0.7560900691,0.9927283379,0.7318673209,0.9604053923,0.7592101815,0.7708184762,0.9506930276,0.8177711339,3526.79292272,0.9459206905,0.4072313077,0.3825934583,0.5408261216,0.6740839842,0.9926988227,0.6671571571,0.9546909698,0.8931878974,0.811004416,0.0660387276,0.839389853,0.4450111572,543,687.44,163.99,26.598,125.0
0,1.0,0.0,1.0,1.0,1.0,0.0,0.0,1.0,0.0,1.0,0.0,1.0,1.0,1.0,0.0,1.0,1.0,1.0,0.0,1.0,0.0,0.0,0.0,2.0,0.0,1.0,0.0,0.0,0.0,0.0,1.0,2.0,0.0,1.0,1.9137853432,0.0,2.3822523224,0.9731133227,0.9610058004,0.5552294459,0.56667389,0.4389653014,0.4715503941,0.9936670035,0.9324814591,0.9207982019,0.9687589568,0.7471655645,0.9620969212,0.8952949689,3409.01833994,0.9500991494,0.4986519995,0.451386459,0.2751519864,0.3607414665,0.993641274,0.9117202018,0.9098389421,0.990939577,0.7901385456,0.0509193375,0.9088942109,0.5600892573,678,534.86,501.03,67.831,616.0
0,1.0,0.0,0.0,0.0,1.0,0.0,1.0,2.0,0.0,1.0,0.0,1.0,1.0,0.0,0.0,1.0,0.0,1.0,1.0,1.0,0.0,0.0,0.0,0.0,0.0,1.0,0.0,0.0,0.0,0.0,0.0,0.0,0.0,1.0,1.9137853432,2.0,2.1535383257,0.9475529304,0.3925054401,0.4631406846,0.5911342096,0.6062807949,0.576944085,0.0,0.0804011206,0.6851765289,0.9289783509,0.6993203399,0.8052062633,0.7545308483,3232.28360123,0.3231063993,0.406175665,0.4776590587,0.4475030258,0.4684078986,0.0,0.0560201533,0.6527611353,0.9773319463,0.7471527893,0.250779163,0.7814000603,0.8912974179,1046,647.43,384.23,63.211,301.0
0,0.0,1.0,0.0,1.0,2.0,0.0,0.0,0.0,0.0,1.0,1.0,0.0,0.0,2.0,0.0,0.0,0.0,2.0,1.0,2.0,0.0,0.0,0.0,0.0,0.0,0.0,0.0,0.0,0.0,0.0,1.0,2.0,1.0,0.0,0.3208508557,0.0,2.3270998872,0.9782489323,0.701576335,0.5303995253,0.5897478267,0.5692502732,0.5010684671,0.8638705503,0.4136557193,0.4569858491,0.3076177281,0.7509213974,0.8100289063,0.5934643364,3445.09550451,0.6406403851,0.4733349646,0.4761549389,0.406148928,0.3899001358,0.863389731,0.3336755862,0.4196955713,0.4637129921,0.7934688253,0.2448974636,0.6284648392,0.932738285,524,668.97,144.16,22.737,125.0
0,0.0,1.0,0.0,1.0,1.0,1.0,1.0,0.0,0.0,0.0,0.0,0.0,0.0,0.0,2.0,2.0,1.0,1.0,1.0,1.0,0.0,1.0,1.0,0.0,0.0,0.0,0.0,0.0,0.0,0.0,1.0,1.0,1.0,0.0,0.3208508557,1.0,2.2442546111,0.9473850412,0.5440657059,0.7108021339,0.6722335843,0.6793505129,0.7518373349,1.0,0.4179263961,0.5779105554,0.268443225,0.5290801776,0.7109973605,0.9055138002,3231.13829893,0.4718687302,0.6637067186,0.5687864275,0.5344553986,0.6688707155,1.0,0.3377090845,0.5412544064,0.4123671224,0.585757702,0.3623463124,0.9179258772,0.7488045904,790,894.22,367.62,53.257,450.0
0,1.0,0.0,1.0,2.0,1.0,1.0,1.0,1.0,0.0,0.0,2.0,1.0,1.0,2.0,1.0,2.0,0.0,0.0,2.0,0.0,0.0,0.0,0.0,0.0,0.0,1.0,0.0,0.0,0.0,0.0,0.0,0.0,0.0,1.0,1.9137853432,2.0,2.2556364639,0.8473940807,0.1914783553,0.360800083,0.4060222761,0.6711397978,0.6767729656,0.9656726619,0.1507310726,0.4843738532,0.9148890756,0.5471557986,0.9598614017,0.6225297869,2585.07622097,0.1464198549,0.3079630816,0.2927942542,0.524330488,0.5794996452,0.965537127,0.1085188306,0.4468422304,0.9719562245,0.6035198533,0.0538905262,0.656619538,0.9336946127,1170,742.52,349.9,46.77,276.0
1,1.0,0.0,0.0,1.0,2.0,1.0,1.0,0.0,0.0,0.0,0.0,1.0,0.0,0.0,0.0,0.0,0.0,0.0,2.0,0.0,0.0,1.0,1.0,0.0,0.0,0.0,0.0,0.0,0.0,0.0,0.0,1.0,0.0,1.0,1.9137853432,1.0,2.6099586998,0.9624739562,0.3419452311,0.5112532035,0.5449075952,0.4206031082,0.4324170574,0.9512345394,0.5397233986,0.4707370974,0.9520082813,0.7099194122,0.91642886,0.873372189,3334.88201877,0.2764538746,0.4540059322,0.4284798868,0.2585050086,0.3232792528,0.9510448771,0.4578051724,0.4332974631,0.985492445,0.756765155,0.1109079567,0.8894160713,0.4249282754,399,834.64,304.41,49.163,276.0
1,0.0,0.0,0.0,1.0,2.0,0.0,1.0,0.0,0.0,2.0,1.0,0.0,1.0,0.0,0.0,1.0,0.0,1.0,1.0,0.0,0.0,0.0,0.0,0.0,0.0,2.0,0.0,0.0,0.0,0.0,0.0,0.0,0.0,0.0,0.6952449786,2.0,2.5989768939,0.8465118981,0.3836928723,0.4591901976,0.4109889268,0.3985124707,0.5440652137,0.7248533961,0.6525376854,0.6380309995,0.6604068473,0.7398478466,0.949276729,0.7791990897,2579.69661705,0.3148678571,0.4022954745,0.2973342055,0.2390722714,0.43375982,0.7240379495,0.5777717619,0.6033257734,0.8247694157,0.7836315255,0.0679099887,0.8041582692,0.6525342684,788,854.0,522.079,66.261,577.891
0,0.0,0.0,0.0,1.0,1.0,1.0,0.0,0.0,0.0,0.0,1.0,1.0,1.0,1.0,0.0,0.0,0.0,0.0,0.0,0.0,0.0,0.0,0.0,0.0,0.0,0.0,0.0,1.0,0.0,0.0,1.0,1.0,0.0,0.0,0.6952449786,1.0,2.485771807,0.9875214736,0.3963141084,0.2213799441,0.2652154324,0.5663103621,0.4475887081,0.9340477499,0.672560152,0.8872858573,0.7111714134,0.7068564293,0.649059688,0.6757482632,3510.71517898,0.3266809725,0.1818888938,0.1737214105,0.4029439246,0.3376413672,0.9337958779,0.5999406848,0.8722570786,0.8617096737,0.7539925673,0.4322440946,0.7075351691,0.4045266178,479,1129.4,454.68,65.868,368.0
0,0.0,0.0,0.0,0.0,1.0,1.0,1.0,2.0,0.0,1.0,0.0,2.0,0.0,1.0,0.0,0.0,0.0,0.0,0.0,1.0,0.0,0.0,0.0,1.0,0.0,0.0,0.0,1.0,0.0,0.0,0.0,2.0,0.0,0.0,0.6952449786,0.0,2.5416703524,0.9561641808,0.3443710816,0.5616695494,0.4559317747,0.6869083169,0.6122018999,0.7329503563,0.3733960151,0.5570147855,0.9323004996,0.6576787884,0.9406433981,0.8813362645,3291.29978607,0.2786582518,0.5052645829,0.3394690025,0.5438544536,0.5066311974,0.7321500656,0.2962429424,0.5199349607,0.9785571102,0.7088929487,0.0792856657,0.8965081887,0.6984379981,567,673.93,470.43,66.445,517.0
1,1.0,0.0,0.0,1.0,1.0,1.0,1.0,1.0,0.0,1.0,1.0,0.0,1.0,1.0,1.0,1.0,0.0,1.0,0.0,0.0,0.0,0.0,0.0,0.0,0.0,0.0,0.0,1.0,0.0,0.0,0.0,1.0,0.0,1.0,1.9137853432,1.0,2.9774986564,0.9171014338,0.0841397835,0.3317844905,0.3494843056,0.6906906885,0.6917183958,0.8557966758,0.4851050993,0.4879042229,0.9384483665,0.8004136419,0.7854223875,0.8549367412,3027.87014386,0.061711503,0.2809910704,0.2427462328,0.5485868268,0.596894019,0.8552920992,0.4027396966,0.4503578931,0.9807816926,0.8367538781,0.2747338329,0.8729284502,0.7829136117,839,432.39,617.42,88.189,637.0
2,0.0,1.0,0.0,2.0,1.0,2.0,0.0,0.0,0.0,0.0,1.0,0.0,0.0,0.0,0.0,2.0,1.0,0.0,1.0,1.0,0.0,0.0,0.0,0.0,0.0,0.0,0.0,1.0,0.0,0.0,0.0,1.0,1.0,0.0,0.3208508557,1.0,2.7968877469,0.9550747567,0.4592307728,0.6451363008,0.6752391998,0.7138028227,0.634638119,0.8495575802,0.5031246525,0.5396627892,0.9084618045,0.7424293953,0.939458793,0.8592426915,3283.80404713,0.3869524034,0.5926860125,0.5722823727,0.577917393,0.5315300984,0.8490350104,0.4206893107,0.5023308737,0.9694072766,0.7859298571,0.080842405,0.8767882747,0.8294548932,683,951.16,450.12,68.837,559.0
0,0.0,0.0,0.0,1.0,1.0,2.0,1.0,1.0,0.0,1.0,1.0,1.0,1.0,0.0,2.0,0.0,1.0,1.0,1.0,1.0,0.0,0.0,0.0,0.0,0.0,0.0,0.0,0.0,0.0,0.0,1.0,1.0,0.0,0.0,0.6952449786,1.0,2.5061185206,0.9227798824,0.1496825098,0.6163735796,0.7151178435,0.4987022475,0.5388148218,0.9870251208,0.5141323351,0.4653716522,0.0,0.5942614317,0.8035220285,0.8164420732,3065.48176083,0.1126385365,0.5622000231,0.6194696518,0.3324121578,0.4283159265,0.9869727593,0.4317596332,0.4279835323,0.0,0.6491101203,0.2528293455,0.8381830739,0.9155243864,855,766.22,245.71,35.145,125.0
1,0.0,0.0,0.0,1.0,1.0,1.0,0.0,1.0,0.0,0.0,0.0,1.0,1.0,1.0,2.0,0.0,0.0,0.0,2.0,0.0,0.0,1.0,1.0,0.0,0.0,0.0,0.0,0.0,0.0,0.0,0.0,2.0,0.0,0.0,0.6952449786,0.0,2.6283068385,0.9840489486,0.2605279294,0.6428696896,0.6969601044,0.7812480414,0.6446666924,0.9083193954,0.1705399646,0.8193897053,0.8974067631,0.796742585,0.8991727065,0.8976115467,3486.06839988,0.2044565219,0.5902698421,0.5977989379,0.6675716768,0.5428042203,0.907978911,0.12389422,0.7971507325,0.9648813908,0.8335815007,0.1331877084,0.9109443178,0.6773987887,592,651.72,326.29,50.283,533.0
2,0.0,0.0,0.0,1.0,1.0,1.0,1.0,0.0,0.0,0.0,0.0,0.0,0.0,0.0,0.0,1.0,0.0,0.0,1.0,0.0,0.0,0.0,0.0,0.0,0.0,0.0,0.0,0.0,0.0,0.0,0.0,2.0,0.0,0.0,0.6952449786,0.0,2.7256204159,0.9399835337,0.6295352972,0.5930058574,0.6402338748,0.4661925577,0.3654442639,0.7352015268,0.2952520188,0.3390568213,0.9317821906,0.712619506,0.7345404953,0.7603849679,3180.848557,0.5616567849,0.5377113535,0.532092268,0.3006615933,0.2623263817,0.7344055451,0.2266373278,0.3053809896,0.9783670299,0.7592057185,0.3350591266,0.7868168805,0.8810965891,573,913.0,338.175,52.309,419.427
1,0.0,0.0,0.0,2.0,0.0,1.0,1.0,1.0,0.0,0.0,1.0,1.0,2.0,0.0,1.0,1.0,1.0,0.0,1.0,0.0,0.0,0.0,0.0,0.0,0.0,0.0,0.0,1.0,0.0,0.0,0.0,1.0,0.0,0.0,0.6952449786,1.0,2.8555460606,0.9465024794,0.9354486688,0.7279044792,0.6734335005,0.6446436013,0.5715240427,0.7108521637,0.7463562071,0.8428435548,0.9565745314,0.8949226325,0.6957380681,0.8455246225,3225.12099652,0.9178738621,0.6825280195,0.5701810782,0.4922688181,0.4626300245,0.7100117746,0.6839308862,0.8229386142,0.9870181136,0.916313928,0.379820939,0.8644727602,0.5597704814,410,689.0,185.468,27.568,159.432
1,0.0,0.0,0.0,0.0,1.0,1.0,1.0,1.0,0.0,1.0,2.0,1.0,1.0,1.0,1.0,2.0,0.0,1.0,2.0,2.0,0.0,1.0,1.0,0.0,0.0,0.0,0.0,0.0,0.0,0.0,1.0,1.0,0.0,0.0,0.6952449786,1.0,1.893723915,0.964376905,0.3833956058,0.4628712272,0.4132851148,0.7496004327,0.8327376563,0.719670756,0.2549990364,0.4320591796,0.9424311772,0.6251701504,0.9483241902,0.7941361345,3348.08213371,0.3145907418,0.4059107752,0.2994409511,0.6247492424,0.7708007594,0.71884589,0.1923541293,0.3951845183,0.982193287,0.6784759931,0.0691677094,0.8178529344,0.6321326108,557,889.0,324.506,47.583,564.459
1,0.0,0.0,1.0,1.0,1.0,1.0,1.0,1.0,0.0,1.0,0.0,2.0,1.0,1.0,0.0,0.0,0.0,1.0,0.0,0.0,0.0,1.0,1.0,1.0,0.0,0.0,0.0,0.0,0.0,0.0,0.0,1.0,0.0,0.0,0.6952449786,1.0,2.7838261209,0.983199424,0.3833382009,0.417530713,0.409652534,0.6689786615,0.6996833226,0.8160735101,0.4452420821,0.6456398228,0.724100893,0.4097372161,0.0,0.6718143353,3480.05198614,0.3145372343,0.3618126152,0.2961103484,0.5216804274,0.606245215,0.8154598121,0.3637922657,0.6112589468,0.8705146229,0.4647537499,1.0,0.703799595,0.7714376793,573,585.63,192.39,26.893,125.0
0,1.0,0.0,0.0,1.0,2.0,0.0,0.0,0.0,0.0,1.0,1.0,2.0,0.0,2.0,1.0,0.0,0.0,1.0,0.0,1.0,0.0,0.0,0.0,0.0,0.0,1.0,0.0,0.0,0.0,0.0,0.0,2.0,0.0,1.0,1.9137853432,0.0,2.4784529153,0.9885943868,0.9042120126,0.7427678097,0.7202386267,0.7348500704,0.8091188812,0.8434623801,0.7943070501,0.8760753638,0.9581787416,0.7849472193,0.9544354816,0.9111993181,3518.34790197,0.8790035294,0.6989941141,0.6256371183,0.6052457316,0.7404407659,0.8429225394,0.7404306934,0.8597605981,0.9875468554,0.8233469279,0.0610871809,0.9229377665,0.5718839656,662,640.86,351.89,56.814,392.0
0,0.0,0.0,0.0,1.0,1.0,1.0,1.0,2.0,0.0,0.0,0.0,1.0,1.0,0.0,1.0,0.0,0.0,1.0,0.0,1.0,0.0,0.0,0.0,0.0,0.0,1.0,0.0,0.0,0.0,0.0,0.0,1.0,0.0,0.0,0.6952449786,1.0,2.6313120768,0.9853407053,0.4653237637,0.5551051677,0.5823344395,0.2416499548,0.1624799618,0.898266357,0.583413745,0.4623970215,0.9079024397,0.6667375584,0.5355873831,0.7454080789,3495.22669955,0.3929116026,0.4985245798,0.4681426071,0.119755003,0.1019684399,0.8978927191,0.5032695652,0.4250411895,0.9691825778,0.7172831988,0.553195083,0.7729389353,0.4548932101,715,864.0,429.258,64.902,482.913
1,0.0,0.0,0.0,1.0,1.0,1.0,0.0,0.0,0.0,0.0,1.0,1.0,0.0,1.0,0.0,2.0,1.0,1.0,1.0,0.0,0.0,0.0,0.0,0.0,0.0,1.0,0.0,0.0,0.0,0.0,0.0,1.0,0.0,0.0,0.6952449786,1.0,2.3093124207,0.9780445977,0.3787815945,0.4988281949,0.5395647261,0.6456139619,0.6167304892,0.8780902777,0.4841013419,0.5338999794,0.7761771151,0.720393874,0.9213234065,0.9094061223,3443.65644637,0.310296103,0.4415522256,0.4229251217,0.4934265254,0.5116207998,0.8776525957,0.4017461316,0.4965043588,0.9034974434,0.766214298,0.1045498151,0.9213580437,0.394325789,631,853.0,451.245,60.122,837.883
0,0.0,1.0,0.0,0.0,1.0,2.0,1.0,0.0,0.0,1.0,0.0,1.0,1.0,2.0,2.0,2.0,0.0,1.0,1.0,0.0,0.0,0.0,0.0,0.0,0.0,1.0,0.0,1.0,0.0,0.0,0.0,0.0,1.0,0.0,0.3208508557,2.0,1.9077773576,0.955563174,0.3200203019,0.3016277723,0.3017664094,0.1262699905,0.0528222201,0.7485667488,0.3115205337,0.2682599733,0.6930234283,0.3842638121,0.8036429994,0.6291284765,3287.16352639,0.2566860171,0.2533671285,0.2028415289,0.0528850942,0.030574208,0.7477972031,0.2407963301,0.2387618485,0.8489375939,0.438086648,0.2526821577,0.6629773204,0.6534905961,428,1089.0,394.872,58.82,562.285
0,0.0,0.0,0.0,2.0,2.0,0.0,0.0,1.0,0.0,0.0,1.0,1.0,0.0,1.0,0.0,1.0,0.0,1.0,0.0,1.0,0.0,0.0,0.0,0.0,0.0,0.0,0.0,0.0,0.0,0.0,0.0,1.0,0.0,0.0,0.6952449786,1.0,2.8077726077,0.9856718144,0.5284735896,0.5137702992,0.5771126721,0.6303066295,0.5287390168,0.9911124004,0.7972295242,0.9353661919,0.5523797695,0.8963726556,0.7861909562,0.9173710719,3497.57613281,0.4559474259,0.4565374585,0.4625299375,0.4753097972,0.4179374491,0.991076385,0.7439232303,0.9262812296,0.7335888254,0.9175029418,0.2738084528,0.9283676653,0.3277016258,695,905.11,327.81,53.995,239.0
0,0.0,0.0,0.0,0.0,1.0,1.0,0.0,1.0,0.0,1.0,0.0,1.0,2.0,0.0,0.0,0.0,1.0,0.0,0.0,2.0,0.0,1.0,1.0,0.0,1.0,0.0,0.0,0.0,0.0,0.0,0.0,1.0,0.0,0.0,0.6952449786,1.0,2.0165679145,0.9259576663,0.0415332035,0.4928851606,0.5003869658,0.3911334604,0.2813172816,0.8407800363,0.3053769877,0.3637788582,0.9195167747,0.7027309743,0.9258104359,0.7783878676,3086.63135943,0.0299470869,0.4356204742,0.3830124944,0.2327257332,0.1914137659,0.8402326914,0.2354288962,0.3289990429,0.973753999,0.7502514924,0.0987060233,0.8034126666,0.6091807459,702,756.0,321.0,37.0,433.8
0,0.0,0.0,0.0,1.0,2.0,1.0,1.0,1.0,0.0,0.0,0.0,0.0,0.0,0.0,1.0,0.0,0.0,0.0,0.0,1.0,0.0,1.0,1.0,1.0,1.0,1.0,0.0,2.0,0.0,0.0,0.0,1.0,0.0,0.0,0.6952449786,1.0,3.1043855809,0.9830321689,0.7529952438,0.456452685,0.4177517209,0.3223098803,0.2972412666,0.7159834898,0.5987282946,0.2338973362,0.9579482246,0.7398278497,0.9547889283,0.8776659232,3478.86808228,0.6988621382,0.3996108689,0.3035532308,0.1770204377,0.2043535224,0.7151520558,0.5195039389,0.2069699643,0.9874711099,0.7836137106,0.0606190278,0.8932419861,0.5444692381,608,519.0,232.717,33.21,178.62
2,0.0,0.0,1.0,2.0,0.0,0.0,1.0,1.0,0.0,1.0,0.0,0.0,1.0,1.0,1.0,0.0,1.0,1.0,1.0,1.0,0.0,0.0,0.0,0.0,0.0,0.0,0.0,0.0,0.0,0.0,0.0,1.0,0.0,0.0,0.6952449786,1.0,3.0086017899,0.9563784948,0.0692532906,0.1286434859,0.0841599507,0.5066191842,0.3999254861,0.7198881794,0.0980580022,0.2542511017,0.9418657232,0.0973034383,0.9489608173,0.6793617994,3292.77537135,0.0504930969,0.1029620971,0.0479724155,0.3403571175,0.2932100301,0.7190637041,0.0688936693,0.225758167,0.981994294,0.1172842159,0.0683271864,0.7109625496,0.6416958878,863,891.0,380.386,25.277,372.676
1,1.0,0.0,0.0,0.0,1.0,1.0,0.0,1.0,0.0,0.0,0.0,0.0,1.0,0.0,1.0,0.0,0.0,2.0,0.0,1.0,0.0,1.0,1.0,0.0,0.0,0.0,0.0,1.0,0.0,0.0,0.0,1.0,0.0,1.0,1.9137853432,1.0,2.877219997,0.9235559001,0.0,0.1402094818,0.1359507061,0.2967010158,0.306586722,0.203906818,0.0319262535,0.3487385098,0.9377088925,0.6026670468,0.8689867728,0.680484569,3070.63980228,0.0,0.1125906783,0.080799643,0.1579013859,0.2120526083,0.2032431103,0.0217345497,0.3146084519,0.9805170478,0.6571391873,0.1716501831,0.7120267069,0.9196684731,918,498.38,393.7,57.104,321.0
0,0.0,0.0,0.0,1.0,2.0,0.0,0.0,0.0,0.0,1.0,0.0,0.0,1.0,0.0,0.0,0.0,0.0,1.0,0.0,0.0,0.0,0.0,0.0,1.0,0.0,0.0,0.0,1.0,0.0,0.0,0.0,1.0,0.0,0.0,0.6952449786,1.0,3.0537472447,0.9499304524,0.6103009825,0.7757610192,0.7666448307,0.6729264166,0.6123054455,0.9282272304,0.304676853,0.8059513917,0.9411707358,0.887154268,0.8969339959,0.7352214349,3248.52431164,0.5410798382,0.7359068382,0.6826513578,0.5265259937,0.5067450803,0.9279548379,0.2348187893,0.782449593,0.9817490741,0.9099276062,0.1360625728,0.7634625598,0.3031558814,400,891.0,221.766,35.843,369.555
1,0.0,0.0,0.0,0.0,2.0,1.0,2.0,0.0,0.0,1.0,1.0,1.0,0.0,0.0,0.0,0.0,1.0,1.0,2.0,0.0,0.0,0.0,0.0,1.0,0.0,0.0,0.0,1.0,0.0,0.0,1.0,1.0,0.0,0.0,0.6952449786,1.0,2.7263358953,0.9795805634,0.4779487461,0.1233714444,0.1416464154,0.6253239469,0.5413773257,0.9928002757,0.2366799924,0.5895873795,0.9390500883,0.3883029147,0.7956707093,0.6017185993,3454.48108867,0.4053281409,0.0985935107,0.0845635567,0.4694798769,0.430969808,0.9927710504,0.1771057418,0.5532251415,0.9809964469,0.4423347193,0.2623598632,0.6364853793,0.8170226331,720,479.34,379.74,50.872,440.0
0,0.0,0.0,0.0,0.0,1.0,1.0,1.0,1.0,0.0,1.0,1.0,2.0,1.0,0.0,1.0,1.0,1.0,1.0,2.0,1.0,0.0,0.0,0.0,0.0,0.0,1.0,0.0,1.0,0.0,0.0,0.0,0.0,0.0,0.0,0.6952449786,2.0,2.129058711,0.9200545701,0.605057459,0.2800036924,0.2606071021,0.4738848009,0.4963108465,0.884597396,1.0,0.6663540596,0.932213993,0.5073962494,0.7329408931,0.6296994874,3047.40148332,0.5355076519,0.2338157248,0.1701390118,0.3080472358,0.3851480595,0.8841800056,1.0,0.6329443568,0.9785254129,0.5642536994,0.3369256414,0.6635268907,0.6965253427,1064,948.0,543.673,68.005,662.326
0,1.0,0.0,0.0,2.0,2.0,0.0,2.0,0.0,0.0,0.0,0.0,0.0,0.0,1.0,0.0,1.0,1.0,0.0,1.0,0.0,0.0,0.0,0.0,1.0,0.0,0.0,0.0,0.0,0.0,0.0,0.0,2.0,0.0,1.0,1.9137853432,0.0,2.7686418784,0.9701331841,0.2904774986,0.2733425127,0.2830488686,0.6206362514,0.6669495809,0.659724858,0.1356133626,0.5948515535,0.9080767551,0.5898035124,0.8119416487,0.6220385319,3388.17022135,0.2304923052,0.2278361882,0.1877725696,0.4640252553,0.5681748057,0.6588070026,0.0969587856,0.5586352186,0.9692526501,0.6448388586,0.2425600829,0.6561457126,0.8262671342,590,758.0,348.313,51.211,307.069
1,0.0,0.0,0.0,0.0,0.0,1.0,0.0,0.0,0.0,0.0,0.0,1.0,0.0,0.0,0.0,2.0,0.0,0.0,0.0,2.0,0.0,0.0,0.0,0.0,0.0,1.0,0.0,0.0,0.0,0.0,0.0,0.0,0.0,0.0,0.6952449786,2.0,1.7934261965,0.9478550985,0.8450479237,0.4357718058,0.498415918,0.4848845732,0.3909749938,0.1885687893,0.6256804516,0.5771096838,0.6238145647,0.6357711071,0.9767838468,0.7740636829,3234.34543562,0.8069374688,0.3794406403,0.3810425544,0.3187453375,0.2850917671,0.1879431807,0.5484505485,0.5404348781,0.7957993047,0.6884476897,0.0313104958,0.7994350427,0.7440229519,776,973.46,389.6,56.158,301.0
2,1.0,0.0,0.0,1.0,0.0,1.0,1.0,0.0,0.0,1.0,0.0,1.0,0.0,1.0,0.0,0.0,1.0,1.0,1.0,1.0,0.0,0.0,0.0,0.0,0.0,1.0,0.0,1.0,0.0,0.0,0.0,1.0,0.0,1.0,1.9137853432,1.0,2.6047012927,0.9567469773,0.0585246976,0.0,0.0,0.7788998431,0.8341461516,0.7182779608,0.1524153091,0.2995961996,0.9476359247,0.2550704302,0.7643973273,0.5299267525,3295.31320316,0.042488053,0.0,0.0,0.6643485617,0.7726269395,0.7174506008,0.1098160456,0.2680631109,0.9840029168,0.2982937121,0.2998850944,0.566064609,0.5744341728,525,776.0,295.226,46.657,297.478
0,0.0,0.0,0.0,1.0,1.0,0.0,1.0,1.0,0.0,1.0,0.0,2.0,1.0,0.0,1.0,0.0,0.0,1.0,1.0,1.0,0.0,0.0,0.0,0.0,0.0,0.0,0.0,0.0,0.0,0.0,0.0,0.0,0.0,0.0,0.6952449786,2.0,2.5159022253,0.9552366752,0.6927407252,0.8765243319,0.878550354,0.6189755947,0.6533716783,0.8965708499,0.5547408572,0.5873768628,0.9140869232,0.7217873326,0.7570689021,0.8736443003,3284.91758041,0.6307907531,0.8517284143,0.8284550736,0.4620999209,0.5526628807,0.8961917019,0.4732904247,0.5509558406,0.9716414113,0.7674675926,0.3085775677,0.8896586937,0.9464456487,786,916.0,399.0,46.0,401.381
1,0.0,0.0,1.0,1.0,1.0,0.0,1.0,0.0,0.0,0.0,1.0,0.0,0.0,0.0,0.0,1.0,0.0,2.0,0.0,1.0,0.0,1.0,1.0,0.0,0.0,0.0,0.0,1.0,0.0,0.0,0.0,,0.0,0.0,0.6952449786,,2.987769323,0.9712368783,0.6602260216,0.5959862658,0.5878757633,0.7266650842,0.6709285836,0.9413233258,0.5252000603,0.7448846903,0.9209657764,0.8044465591,0.7896756357,0.8382202107,3395.88386535,0.5949357994,0.5408208107,0.4741267568,0.5945480883,0.5727516381,0.9410974938,0.4429709071,0.7163280383,0.9743104558,0.8402318928,0.2696075018,0.857892885,0.5760280523,788,1067.0,465.622,64.769,745.008
1,1.0,0.0,0.0,1.0,1.0,2.0,0.0,0.0,0.0,1.0,1.0,2.0,0.0,1.0,0.0,1.0,2.0,2.0,1.0,1.0,0.0,0.0,0.0,1.0,0.0,1.0,0.0,0.0,0.0,0.0,0.0,2.0,0.0,1.0,1.9137853432,0.0,2.3837211609,0.9448770591,0.7133385478,0.2977177399,0.3311275676,0.6257104302,0.6090502163,0.3820368772,0.3218391063,0.2108439494,0.9212119233,0.5668277439,0.8486017479,0.6720352408,3214.05356454,0.653823007,0.2498160058,0.2271421269,0.4699308949,0.5031694343,0.3810716067,0.2498673747,0.1858401646,0.9744046773,0.6226817262,0.1972565193,0.7040094812,0.8476251195,829,726.65,341.35,57.4,394.0
0,0.0,1.0,0.0,1.0,1.0,1.0,1.0,2.0,0.0,0.0,1.0,0.0,0.0,1.0,1.0,1.0,0.0,1.0,1.0,1.0,0.0,0.0,0.0,0.0,0.0,1.0,0.0,1.0,0.0,0.0,1.0,1.0,1.0,0.0,0.3208508557,1.0,2.5438882787,0.9865279627,0.7494270004,0.3917208039,0.5093172113,0.4942396949,0.6918385956,0.9932293183,0.3582742809,0.4555657881,0.9298034776,0.7129029502,0.8092859817,0.8385691754,3503.65471657,0.6947721132,0.3371306367,0.3919834269,0.3279705559,0.5970347199,0.9932018227,0.2824592225,0.4182941716,0.9776377519,0.759461726,0.2458046169,0.8582075874,0.9065986611,717,860.71,310.02,43.127,147.0
0,1.0,0.0,0.0,1.0,2.0,0.0,1.0,1.0,0.0,0.0,1.0,0.0,1.0,2.0,1.0,1.0,1.0,0.0,0.0,1.0,0.0,0.0,0.0,0.0,0.0,0.0,0.0,0.0,0.0,0.0,0.0,0.0,0.0,1.0,1.9137853432,2.0,2.5001703854,0.9273273375,0.3974793914,0.6786026345,0.6463372701,0.8331481625,0.9169937826,0.9023968777,0.3864709409,0.5898813005,0.903729803,0.6932650801,0.8899087347,0.8954010416,3095.76956746,0.3277763198,0.6286345527,0.5390168423,0.740682067,0.8831467908,0.9020367617,0.3082825316,0.5535269893,0.9674919441,0.7416382955,0.1450609076,0.9089881163,0.5454255658,465,654.0,239.0,31.0,238.371
0,1.0,0.0,0.0,1.0,0.0,0.0,1.0,1.0,0.0,0.0,0.0,2.0,1.0,0.0,2.0,0.0,0.0,1.0,1.0,0.0,1.0,0.0,0.0,0.0,0.0,0.0,0.0,0.0,0.0,0.0,0.0,1.0,0.0,1.0,1.9137853432,1.0,2.4121486672,0.9548435622,0.3110453855,0.2175438364,0.1814529463,0.282623257,0.2106539764,0.7681501292,0.3166440312,0.3557995676,0.8919666703,0.5950861905,0.7242774628,0.7511064752,3282.21442161,0.2486748073,0.1785459003,0.1117194284,0.1477628474,0.1367138569,0.7674219569,0.2452916135,0.3213559986,0.9625884755,0.6498993545,0.3470029317,0.7782268766,0.7994899586,897,415.47,349.56,44.8,287.0
0,1.0,0.0,1.0,2.0,1.0,1.0,2.0,1.0,,0.0,1.0,1.0,1.0,0.0,2.0,1.0,1.0,1.0,1.0,1.0,0.0,1.0,1.0,0.0,0.0,1.0,0.0,0.0,0.0,0.0,0.0,1.0,0.0,1.0,1.9137853432,1.0,2.6602398744,0.9889899069,0.3591264138,0.2285438821,0.2463229966,0.3565923493,0.3686630161,0.8954262138,0.2978739613,0.4315999211,0.9672286189,0.5033790076,0.9637539223,0.771216105,3521.16372976,0.2921402487,0.1881499946,0.1591616113,0.203980756,0.2651645617,0.8950433592,0.2289074884,0.3947346692,0.9904589987,0.5602463044,0.0487147449,0.7968127207,0.5855913293,469,700.57,250.23,43.875,138.0
1,1.0,0.0,0.0,1.0,0.0,0.0,0.0,0.0,0.0,0.0,0.0,1.0,1.0,1.0,0.0,1.0,2.0,0.0,0.0,0.0,0.0,0.0,0.0,0.0,0.0,0.0,0.0,0.0,0.0,0.0,2.0,0.0,0.0,1.0,1.9137853432,2.0,2.1331675138,0.9392513426,0.1876950083,0.2722711312,0.3049648256,0.5157183364,0.3929421315,0.6318314306,0.7072194769,0.4515765514,0.9160604564,0.5934753825,0.8107025355,0.3286628716,3175.89510452,0.1433201235,0.2268763399,0.2054493928,0.3495914661,0.286869889,0.6308803241,0.6389405337,0.4143606007,0.9724142512,0.6483576404,0.2440745833,0.3606718873,0.9429391138,698,288.0,205.43,32.097,221.394
0,0.0,0.0,0.0,0.0,2.0,1.0,1.0,1.0,0.0,1.0,0.0,0.0,2.0,1.0,0.0,1.0,0.0,0.0,1.0,0.0,0.0,0.0,0.0,0.0,0.0,0.0,0.0,0.0,0.0,0.0,0.0,2.0,0.0,0.0,0.6952449786,0.0,2.083079862,0.9739029002,0.8735569727,0.318609853,0.4274054429,0.9417502514,0.8751483925,0.8191632639,0.6970949234,0.7428964822,0.9521851746,0.8765733405,0.8816260454,0.9072683688,3414.55269223,0.8414091537,0.2688716746,0.3125051424,0.9052614932,0.8265615251,0.8185575908,0.6274661303,0.7141940936,0.9855521173,0.901184929,0.1556245677,0.9194735626,0.1689512273,325,719.08,245.62,45.928,385.0
1,0.0,0.0,0.0,0.0,1.0,1.0,1.0,1.0,0.0,0.0,0.0,1.0,2.0,1.0,0.0,1.0,1.0,2.0,0.0,0.0,0.0,0.0,0.0,0.0,0.0,0.0,0.0,1.0,0.0,0.0,0.0,1.0,0.0,0.0,0.6952449786,1.0,2.4981071069,0.9849444106,0.3157015795,0.5586838892,0.6613156229,0.7339797097,0.7633240281,0.6633772027,0.481362138,0.2218874438,0.6834174596,0.7097261908,0.8162672048,0.8605838303,3492.41577139,0.2528251769,0.5021965973,0.5561587053,0.6041039497,0.6829887754,0.6624641723,0.3990381234,0.1959422529,0.8419817747,0.7565903787,0.2372646002,0.8779893636,0.8221230475,763,557.0,599.4,77.587,644.641
2,1.0,0.0,0.0,0.0,1.0,1.0,2.0,1.0,0.0,1.0,0.0,1.0,1.0,1.0,1.0,0.0,1.0,2.0,2.0,1.0,0.0,0.0,0.0,0.0,0.0,0.0,0.0,1.0,0.0,0.0,0.0,1.0,0.0,1.0,1.9137853432,1.0,2.6540821957,0.9569036769,0.6642867018,0.5522926259,0.5298742549,0.4915313866,0.5463570616,0.8452432841,0.6790338269,0.6721561384,0.9500391045,0.5397715407,0.9396923082,0.8487816802,3296.39272852,0.5993800065,0.4956428343,0.4129187268,0.3252878805,0.4361438198,0.8447084582,0.607164915,0.6390415818,0.9848250748,0.5962816132,0.0805356122,0.8674017547,0.5317182021,644,460.77,333.99,51.023,332.0
1,1.0,0.0,0.0,0.0,0.0,2.0,2.0,0.0,0.0,2.0,1.0,0.0,2.0,0.0,0.0,0.0,1.0,0.0,1.0,1.0,0.0,1.0,1.0,0.0,0.0,1.0,0.0,0.0,0.0,0.0,0.0,1.0,0.0,1.0,1.9137853432,1.0,2.0356623485,0.9791370109,0.4775701649,0.4809267642,0.5289288299,0.2704282522,0.0,0.9737128602,0.2836493818,0.4207188572,0.6484295024,0.5130015235,0.6333604477,0.7893968806,3451.35343036,0.4049544609,0.4237338261,0.4119472005,0.1391933495,0.0,0.9736082063,0.216645822,0.3840950838,0.8155030201,0.5698329645,0.4495259203,0.8135148763,0.7838699394,862,844.48,314.1,44.736,284.0
1,0.0,0.0,1.0,1.0,1.0,0.0,1.0,0.0,0.0,0.0,0.0,1.0,1.0,1.0,1.0,1.0,0.0,1.0,2.0,0.0,0.0,0.0,0.0,0.0,0.0,1.0,0.0,0.0,0.0,0.0,0.0,1.0,0.0,0.0,0.6952449786,1.0,2.3330348081,0.9555789857,0.2772359575,0.4157783214,0.4349115206,0.314568418,0.2144295796,0.7501837637,0.3915942222,0.5654097061,0.9129506696,0.5732105174,0.8007841739,0.7396991979,3287.27231219,0.2189167666,0.360127147,0.3195260127,0.1711488156,0.1395242227,0.7494175155,0.3130308709,0.5284843237,0.9711938622,0.628861171,0.2561577551,0.7676318172,0.6872808416,650,405.0,413.915,54.762,480.981
1,0.0,0.0,0.0,0.0,1.0,2.0,0.0,0.0,0.0,0.0,0.0,1.0,0.0,1.0,1.0,0.0,0.0,0.0,1.0,1.0,0.0,0.0,0.0,0.0,0.0,1.0,0.0,0.0,0.0,0.0,0.0,1.0,0.0,0.0,0.6952449786,1.0,2.1233135401,0.954460726,0.4301767775,0.4262792785,0.4898024916,0.8078393532,0.8573443898,0.6263122258,0.2350076808,0.6928545227,0.8882924714,0.6374127281,0.9124286108,0.8393735084,3279.58299884,0.3588335914,0.3702481226,0.3724767726,0.704582534,0.8029583762,0.625355294,0.175724769,0.6608753003,0.9610153149,0.6899872942,0.1160916827,0.8589328143,0.8112846669,994,1763.0,413.584,54.482,377.559
0,1.0,0.0,0.0,1.0,1.0,1.0,1.0,0.0,0.0,1.0,1.0,1.0,2.0,1.0,2.0,0.0,0.0,1.0,2.0,1.0,0.0,0.0,0.0,1.0,0.0,1.0,0.0,1.0,0.0,0.0,0.0,0.0,0.0,1.0,1.9137853432,2.0,2.4736103841,0.9561180514,0.1718549744,0.2751369386,0.188907095,0.5833053335,0.5414762786,0.7418289543,0.0018221645,0.5037441866,0.9218372039,0.4948305971,0.9227673793,0.6265133475,3290.98222162,0.130432704,0.2294449885,0.1169700204,0.4216302202,0.4310724065,0.7410458989,0.0012223929,0.4661779773,0.9746436263,0.5516944123,0.1026707905,0.6604591767,0.6789926682,694,682.0,499.0,51.0,659.437
1,1.0,0.0,0.0,1.0,0.0,1.0,1.0,1.0,1.0,1.0,0.0,1.0,0.0,1.0,0.0,0.0,0.0,1.0,2.0,0.0,0.0,0.0,0.0,0.0,0.0,0.0,0.0,0.0,0.0,0.0,1.0,0.0,0.0,1.0,1.9137853432,2.0,2.4041637868,0.9772081417,0.5067364734,0.3826594464,0.3420321207,0.5565488408,0.468465335,0.8974091899,0.1910294535,0.367993525,0.7359228683,0.4579754657,0.9743097807,0.7020022462,3437.76870793,0.4339875514,0.3285376665,0.2363733663,0.3923846759,0.3577386968,0.8970327634,0.1400701552,0.3330438273,0.8783509153,0.5144436168,0.0346244617,0.7323504156,0.7076824992,616,600.15,192.39,30.888,144.0
0,0.0,1.0,0.0,1.0,2.0,1.0,0.0,0.0,0.0,0.0,0.0,0.0,1.0,1.0,0.0,0.0,0.0,1.0,1.0,1.0,1.0,1.0,1.0,0.0,0.0,1.0,0.0,1.0,0.0,0.0,0.0,1.0,1.0,0.0,0.3208508557,1.0,2.1444897472,0.7603636757,0.1398693828,0.1501212612,0.1574118381,0.2938331,0.2529931123,0.8521117111,0.5244472407,0.2930815559,0.931841765,0.6029389032,0.788462834,0.5879513045,2081.35050979,0.1048545175,0.1208909127,0.0951407228,0.1558145823,0.1689549852,0.8515964688,0.4422057628,0.2619472261,0.9783888977,0.6573983287,0.2710705769,0.6230969003,0.7759005419,824,622.64,212.38,37.698,191.0
1,1.0,1.0,0.0,0.0,2.0,1.0,0.0,2.0,0.0,0.0,1.0,2.0,2.0,0.0,2.0,0.0,0.0,1.0,1.0,1.0,1.0,0.0,0.0,1.0,0.0,0.0,0.0,2.0,0.0,0.0,0.0,2.0,1.0,1.0,1.4923196558,0.0,2.8368132318,0.934429222,0.0886675635,0.1830589144,0.2459203067,0.2929615082,0.1577365082,0.8318295319,0.2330629228,0.3882125884,0.2743365285,0.6752749079,0.7628304746,0.6513552322,3143.36869512,0.0651492055,0.1487966198,0.1588549189,0.1551825473,0.0986588515,0.8312575724,0.1741211332,0.3525221511,0.4202351967,0.7251563352,0.3017468094,0.6842996673,0.4086707045,827,737.03,520.38,82.397,693.0
0,0.0,0.0,0.0,1.0,0.0,1.0,1.0,2.0,0.0,0.0,0.0,0.0,0.0,0.0,2.0,0.0,0.0,0.0,0.0,0.0,0.0,0.0,0.0,1.0,0.0,0.0,0.0,0.0,0.0,0.0,1.0,2.0,0.0,0.0,0.6952449786,0.0,2.9763491843,0.965717738,0.5033375121,0.6092485245,0.6222006591,0.6869734296,0.7389832794,0.8364112929,0.4240594286,0.7940042554,0.9767941671,0.7167388671,0.9330768838,0.8555232337,3357.39869835,0.4305786242,0.5547066654,0.5118371341,0.5439357594,0.6532111875,0.8358518517,0.3435225502,0.7694253353,0.9934065772,0.7629227406,0.0892119037,0.8734544946,0.3627669748,683,937.52,303.79,44.758,342.0
0,0.0,0.0,0.0,1.0,2.0,1.0,1.0,0.0,0.0,0.0,0.0,1.0,1.0,1.0,0.0,2.0,0.0,1.0,2.0,1.0,0.0,0.0,0.0,0.0,0.0,1.0,0.0,0.0,0.0,0.0,0.0,1.0,0.0,0.0,0.6952449786,1.0,1.786515581,0.9852836233,0.7425921319,0.3818686029,0.4557876877,0.5697620736,0.6347257071,0.9476447804,0.4749299981,0.6082636735,0.4653648008,0.6203875049,0.8110765658,0.7447975767,3494.82174617,0.6869584817,0.3277894874,0.3393308875,0.4067080526,0.5316281777,0.9474419249,0.3926986889,0.5724567139,0.6477054539,0.6739605031,0.2436175419,0.7723718488,0.8182977367,652,756.0,256.0,28.0,207.058
1,1.0,0.0,0.0,1.0,2.0,1.0,0.0,0.0,0.0,0.0,1.0,0.0,0.0,1.0,0.0,1.0,1.0,0.0,1.0,1.0,0.0,0.0,0.0,1.0,0.0,0.0,0.0,0.0,0.0,0.0,0.0,1.0,0.0,1.0,1.9137853432,1.0,2.6187828778,0.9641718909,0.2908492267,0.3954195583,0.3847926558,0.1814038901,0.0941127736,0.8524187047,0.4815803885,0.3330876003,0.9446864393,0.8384156314,0.9681641613,0.8928408887,3346.65876641,0.2308187366,0.340649013,0.2736496375,0.082629227,0.0562017273,0.8519043467,0.3992537068,0.2997058598,0.9829822902,0.8692333952,0.0428374971,0.9067207198,0.7099139305,580,439.24,245.04,41.667,125.0
0,0.0,0.0,0.0,0.0,0.0,1.0,0.0,0.0,0.0,1.0,0.0,0.0,2.0,0.0,2.0,0.0,1.0,1.0,1.0,0.0,0.0,0.0,0.0,2.0,0.0,1.0,0.0,0.0,0.0,0.0,0.0,0.0,0.0,0.0,0.6952449786,2.0,2.5163084159,0.909850215,0.0976746136,0.1737937146,0.2195569872,0.3604722865,0.2801129451,0.8480212879,0.2662953129,0.5312305045,0.9156156166,0.4535884308,0.8022920466,0.4509236632,2980.17868953,0.0720232609,0.140896632,0.1391076704,0.2071304942,0.1904443005,0.8474943363,0.2018672296,0.4938087567,0.9722405493,0.5099683262,0.2543252964,0.4868420449,0.6758049091,506,401.0,321.347,43.645,351.9
0,0.0,0.0,1.0,1.0,0.0,1.0,1.0,0.0,0.0,1.0,0.0,0.0,2.0,0.0,0.0,2.0,0.0,0.0,1.0,0.0,0.0,0.0,0.0,0.0,0.0,0.0,0.0,1.0,0.0,0.0,0.0,1.0,0.0,0.0,0.6952449786,1.0,2.1179481915,0.9441876111,0.5447852018,0.512189257,0.5375477804,0.2707978029,0.2855152366,0.8205995055,0.585354669,0.3373318969,0.9417162749,0.5574585279,0.9868246276,0.7799088309,3209.36488167,0.4726068321,0.4549470131,0.420835154,0.1394501279,0.1948031154,0.8199975893,0.5053185057,0.3037399485,0.9819416223,0.6135774022,0.0178162032,0.8048104429,0.8001275104,583,942.66,299.73,56.841,276.0
2,0.0,0.0,0.0,1.0,1.0,1.0,1.0,0.0,0.0,0.0,1.0,1.0,0.0,0.0,0.0,0.0,0.0,0.0,0.0,0.0,0.0,0.0,0.0,0.0,0.0,1.0,0.0,0.0,0.0,0.0,2.0,2.0,0.0,0.0,0.6952449786,0.0,2.6545658858,0.9331067626,0.4385268591,0.2361498563,0.2105276239,0.71522347,0.7318850216,0.8568842227,0.3654233596,0.9325551131,0.9490615583,0.7665974962,0.9640519355,0.5884847235,3134.47762939,0.3668645862,0.1948231614,0.1324943321,0.5797434551,0.6446266714,0.8563828152,0.2889569352,0.9231035148,0.9844916653,0.8072994557,0.0483180389,0.623616666,0.7016257571,516,843.66,271.13,46.626,397.0
0,1.0,0.0,0.0,0.0,1.0,1.0,0.0,0.0,0.0,1.0,1.0,0.0,2.0,0.0,0.0,0.0,0.0,1.0,1.0,1.0,0.0,1.0,1.0,0.0,0.0,1.0,0.0,0.0,0.0,0.0,0.0,1.0,0.0,1.0,1.9137853432,1.0,2.0966406851,0.9485889033,0.5478901438,0.596506409,0.5418299746,0.9573340266,0.9970595512,0.9824028547,0.3350253427,0.5434861195,0.9608743794,0.7787656614,0.951513557,0.8062078643,3239.35526664,0.4757955238,0.5413638928,0.4252769358,0.9301649775,0.9957558509,0.982332172,0.2615615831,0.5062019766,0.988426833,0.8179580508,0.0649539616,0.828873306,0.5087663373,446,659.11,306.09,47.182,282.0
0,0.0,0.0,0.0,2.0,2.0,1.0,1.0,0.0,0.0,0.0,0.0,0.0,1.0,0.0,1.0,0.0,0.0,0.0,2.0,0.0,0.0,0.0,0.0,0.0,0.0,1.0,0.0,0.0,0.0,0.0,0.0,0.0,0.0,0.0,0.6952449786,2.0,2.6225546338,0.9576497653,0.4154189353,0.493637459,0.5084666008,0.7858126932,0.6234323145,0.9817563764,0.5034393366,0.7144498037,0.6555147772,0.5432716559,0.9477481888,0.8186240093,3301.53506304,0.3447389539,0.4363704498,0.3911257143,0.6738580644,0.5190383431,0.9816831452,0.4210046759,0.6837923625,0.8210100183,0.599715609,0.0699279404,0.8401639887,0.4950589735,364,651.14,151.3,26.248,145.0
1,0.0,0.0,0.0,1.0,0.0,1.0,1.0,1.0,0.0,0.0,0.0,1.0,0.0,2.0,0.0,1.0,2.0,0.0,2.0,1.0,0.0,1.0,1.0,0.0,0.0,1.0,0.0,0.0,0.0,0.0,0.0,2.0,0.0,0.0,0.6952449786,0.0,1.965279965,0.9719812218,0.8566390742,0.542725504,0.4692152932,0.6396105759,0.4048895234,0.7284630768,0.3984969991,0.3923152657,0.9366887447,0.8774045301,0.9354486789,0.8483096252,3401.09098396,0.8208958216,0.4858674444,0.352285694,0.4862841689,0.297743219,0.7276543206,0.3194558493,0.3564895188,0.9801506392,0.9018735574,0.0861048288,0.8669774376,0.5604080332,1629,720.45,197.14,33.502,125.0
1,1.0,0.0,0.0,1.0,1.0,0.0,0.0,0.0,1.0,0.0,2.0,0.0,1.0,1.0,0.0,0.0,0.0,0.0,1.0,0.0,0.0,0.0,0.0,0.0,0.0,1.0,0.0,1.0,0.0,0.0,0.0,0.0,0.0,1.0,1.9137853432,2.0,2.8198999874,0.9654676418,0.7592272691,0.6889035569,0.709292196,0.5740618703,0.5877811199,0.9802834574,0.6562325571,0.5508270721,0.6625431941,0.7420020542,0.9396131527,0.8937161768,3355.65996268,0.7060232438,0.6398027876,0.6124831873,0.4114191963,0.480038738,0.9802044326,0.5818428392,0.5136469708,0.8264001247,0.7855496082,0.0806396112,0.9074961317,0.426203379,479,917.91,441.97,57.569,638.0
0,0.0,0.0,0.0,1.0,2.0,2.0,1.0,2.0,0.0,1.0,0.0,0.0,0.0,1.0,2.0,1.0,0.0,0.0,1.0,0.0,0.0,,,0.0,1.0,0.0,0.0,1.0,0.0,0.0,0.0,2.0,0.0,0.0,0.6952449786,0.0,2.8327237042,0.9564435092,0.488636591,0.502617843,0.4937057643,0.7078836427,0.7353853838,0.9820555233,0.7256331849,0.7580580787,0.9627373333,0.6422707597,0.9494642082,0.9038371461,3293.22307075,0.4159120434,0.4453431292,0.3763498229,0.5703379363,0.6488543517,0.981983471,0.6599825223,0.7304970562,0.9890287611,0.6945362467,0.0676623671,0.9164460849,0.5237488046,474,1004.6,464.06,62.54,532.0
0,1.0,0.0,0.0,1.0,2.0,2.0,0.0,0.0,0.0,0.0,0.0,2.0,1.0,1.0,0.0,0.0,0.0,0.0,1.0,1.0,1.0,0.0,0.0,0.0,0.0,0.0,0.0,1.0,0.0,0.0,0.0,1.0,0.0,1.0,1.9137853432,1.0,1.9441273071,0.980262168,0.4550057532,0.6250668149,0.6088215894,0.6461680208,0.6112606445,0.8310964773,0.7569851356,0.4891588063,0.7160959923,0.8581255425,0.901595099,0.8425118691,3459.29010481,0.3828328459,0.5713741267,0.4970069099,0.4940881177,0.5055964111,0.8305225309,0.6963239931,0.4516081522,0.8650921925,0.8858202928,0.1300729369,0.8617607225,0.3991074275,615,915.11,398.37,64.101,584.0
0,0.0,1.0,0.0,1.0,1.0,1.0,1.0,1.0,0.0,0.0,0.0,0.0,1.0,0.0,1.0,0.0,2.0,1.0,1.0,1.0,0.0,1.0,1.0,0.0,0.0,1.0,0.0,0.0,0.0,0.0,0.0,,1.0,0.0,0.3208508557,,2.4941622387,0.9724722723,0.4125097525,0.4155298923,0.3987461204,0.392156704,0.5815064767,0.9846592446,0.4383118584,0.5719757681,0.9468034324,0.5279248348,0.7725528404,0.8681326312,3404.52835348,0.3419754662,0.3598883192,0.2861850374,0.2336014785,0.4732917521,0.9845974837,0.3571281527,0.5351859444,0.9837161365,0.5846173412,0.2901665124,0.8847401377,0.6911061524,572,891.36,263.66,48.535,264.0
0,0.0,0.0,0.0,0.0,1.0,1.0,1.0,0.0,0.0,1.0,0.0,1.0,0.0,0.0,1.0,0.0,0.0,0.0,0.0,1.0,0.0,0.0,0.0,0.0,0.0,0.0,0.0,0.0,0.0,0.0,0.0,1.0,0.0,0.0,0.6952449786,1.0,2.3354015052,0.9196385808,0.3384657573,0.343353279,0.3841879504,0.4209685877,0.5145076915,0.82456925,0.5532320355,0.6624695214,0.9395292095,0.6806905884,0.8992454766,0.6360929937,3044.64642957,0.2732980472,0.2916988216,0.2731105204,0.2588319735,0.4034324448,0.8239778054,0.4717278822,0.6288678704,0.9811670655,0.7301334816,0.1330941999,0.6696738709,0.3825310807,450,794.0,266.886,44.107,208.676
1,0.0,0.0,0.0,1.0,1.0,1.0,0.0,0.0,0.0,0.0,0.0,1.0,1.0,0.0,1.0,0.0,0.0,0.0,2.0,1.0,0.0,0.0,0.0,0.0,0.0,0.0,,1.0,0.0,0.0,0.0,1.0,0.0,0.0,0.6952449786,1.0,2.534497034,0.9872802727,0.471213466,0.4202649361,0.5757436023,0.244038749,0.1683244349,0.6127557617,0.5254798332,0.0,0.9238809323,0.9173226407,0.7029436142,0.7022552847,3509.0004128,0.3986925177,0.3644452294,0.4610626154,0.1213265864,0.1060737451,0.611785579,0.4432553555,0.0,0.9754206328,0.9345751043,0.37159001,0.7325886144,0.0854319413,261,645.97,118.75,19.776,125.0
0,0.0,0.0,0.0,0.0,0.0,0.0,1.0,1.0,0.0,0.0,0.0,2.0,0.0,0.0,0.0,1.0,2.0,0.0,1.0,1.0,0.0,0.0,0.0,0.0,0.0,1.0,0.0,0.0,0.0,0.0,0.0,2.0,0.0,0.0,0.6952449786,0.0,1.9169962147,0.9117431742,0.2101335284,0.3386530929,0.4080422609,0.0,0.2091589998,0.0470692174,0.1730000492,0.0057857436,0.5763085481,0.7436130166,0.9130233155,0.7482680339,2992.59221674,0.1618260436,0.2873410628,0.2946379017,0.0,0.1356045766,0.0468858258,0.1258217689,0.0049213314,0.7552608091,0.7869826116,0.115321757,0.7755940656,0.894166401,3134,982.0,438.94,48.207,218.803
0,1.0,0.0,1.0,1.0,1.0,1.0,0.0,0.0,0.0,1.0,0.0,0.0,1.0,0.0,0.0,0.0,1.0,1.0,0.0,0.0,0.0,1.0,1.0,1.0,0.0,1.0,0.0,1.0,0.0,0.0,0.0,1.0,0.0,1.0,1.9137853432,1.0,2.8099048313,0.9343799958,0.7082691125,0.8185651079,0.8402827039,0.6954413907,0.7081262108,0.9316409317,0.4722314414,0.7995624341,0.936408283,0.8724955716,0.9034518799,0.7535646482,3143.03751582,0.64813151,0.7845392673,0.7772724436,0.5545577064,0.6162191606,0.9313805408,0.3900471512,0.7754792879,0.9800496378,0.8978020032,0.1276826064,0.7805050788,0.3420465413,431,818.0,218.0,26.0,216.662
0,1.0,0.0,0.0,1.0,2.0,0.0,2.0,0.0,0.0,1.0,0.0,2.0,0.0,0.0,1.0,0.0,1.0,1.0,1.0,1.0,0.0,0.0,0.0,0.0,0.0,1.0,0.0,1.0,0.0,0.0,0.0,0.0,0.0,1.0,1.9137853432,2.0,2.6282651935,0.9338452948,0.4808871642,0.6801905596,0.7665878751,0.7226857491,0.7414794098,0.5229882181,0.431447729,0.8290135757,0.3689964131,1.0,0.9205289088,1.0,3139.44132437,0.4082313545,0.6303530074,0.6825801432,0.5893793604,0.6562406159,0.5219682133,0.3505588193,0.8077123305,0.5396385964,1.0,0.1055830508,1.0,0.2368504941,385,851.28,259.1,38.617,305.0
0,1.0,0.0,0.0,1.0,1.0,1.0,1.0,0.0,0.0,1.0,1.0,1.0,0.0,0.0,0.0,1.0,0.0,0.0,1.0,1.0,1.0,0.0,0.0,1.0,0.0,0.0,0.0,0.0,0.0,0.0,0.0,1.0,0.0,1.0,1.9137853432,1.0,2.1477324568,0.922990954,0.3536077647,0.1227279902,0.0981867853,0.4762559408,0.5418491915,0.9857695701,0.4552113341,0.4177960369,0.6294051964,0.6109223962,0.7863780494,0.5820738934,3066.88428408,0.2870830045,0.0980611955,0.0566145347,0.3103397377,0.4314591369,0.9857122147,0.3734342679,0.3812431912,0.8003524296,0.6649934321,0.273583123,0.61736446,0.7825948358,892,683.94,296.67,50.887,155.0
1,1.0,0.0,0.0,0.0,1.0,1.0,0.0,1.0,0.0,1.0,0.0,0.0,0.0,2.0,2.0,1.0,1.0,0.0,1.0,2.0,0.0,0.0,0.0,1.0,0.0,2.0,0.0,0.0,0.0,0.0,0.0,2.0,0.0,1.0,1.9137853432,0.0,2.1093972311,0.8687423546,0.2883914486,0.3607686804,0.4072675831,0.5727625613,0.4658326921,0.9862643869,0.0600975754,0.4462601293,0.9338192084,0.6227551411,0.7921708712,0.4653072748,2716.96780314,0.2286619415,0.3079336821,0.2939303976,0.4099929937,0.3551829694,0.986208998,0.0414711243,0.4091257986,0.9791118016,0.6761971853,0.2665940479,0.501400453,0.8648390182,639,555.22,272.75,40.243,241.0
1,0.0,0.0,0.0,0.0,2.0,0.0,1.0,1.0,0.0,0.0,0.0,2.0,0.0,1.0,0.0,0.0,0.0,0.0,1.0,1.0,0.0,0.0,0.0,0.0,1.0,1.0,0.0,0.0,0.0,0.0,0.0,1.0,0.0,0.0,0.6952449786,1.0,2.2818951096,0.9328144607,0.4248059492,0.6261836312,0.6692645189,0.5229987679,0.6541526583,0.8561032646,0.3971328685,0.5293972264,0.6292217236,0.3682890407,0.7928365192,0.7709744301,3132.51414539,0.3536894499,0.5725552301,0.5653413238,0.3570593924,0.5535506585,0.8555995804,0.3181836501,0.4919587761,0.8002037327,0.4212126699,0.265789405,0.796590055,0.8147912018,1628,1066.0,479.78,53.692,489.0
0,2.0,0.0,0.0,0.0,2.0,2.0,1.0,0.0,0.0,0.0,0.0,1.0,0.0,0.0,0.0,0.0,0.0,2.0,1.0,0.0,0.0,0.0,0.0,0.0,0.0,0.0,0.0,0.0,0.0,0.0,0.0,2.0,0.0,2.0,3.2519739872,0.0,2.4323053077,0.9850906396,0.5296881058,0.5832824077,0.6214800756,0.3101523351,0.3746417857,0.8502702736,0.4153311476,0.5058119615,0.906668285,0.5834322735,0.9416290335,0.6665714625,3493.45284587,0.4571825014,0.5275951877,0.5110341103,0.1678350867,0.2704608785,0.849749743,0.3352565333,0.4682487216,0.9686851912,0.638718695,0.0779896374,0.6988140949,0.8919349697,1086,848.14,422.39,63.603,271.0
1,0.0,0.0,0.0,0.0,1.0,0.0,1.0,1.0,0.0,1.0,0.0,0.0,2.0,0.0,0.0,2.0,0.0,1.0,1.0,0.0,0.0,0.0,0.0,0.0,0.0,1.0,0.0,0.0,0.0,0.0,0.0,1.0,0.0,0.0,0.6952449786,1.0,2.1813919398,0.985700663,0.7488888824,0.550405382,0.6453994728,0.8604062328,0.7867559186,0.8786207836,0.8144261899,0.7946487906,1.0,0.9853750316,0.9257991666,0.9776292602,3497.78086922,0.6941559498,0.4937111861,0.537950595,0.7805150483,0.7121522703,0.878184743,0.7645883959,0.7701268853,1.0,0.9886532576,0.0987207182,0.9808020079,0.2209116991,455,784.57,221.42,37.777,125.0
1,0.0,0.0,0.0,1.0,0.0,1.0,0.0,2.0,0.0,1.0,1.0,0.0,1.0,0.0,1.0,1.0,0.0,0.0,1.0,1.0,0.0,1.0,1.0,1.0,0.0,0.0,0.0,0.0,0.0,0.0,0.0,1.0,0.0,0.0,0.6952449786,1.0,2.7799408421,0.9253568804,0.5260581235,0.5734302274,0.5486886136,0.5156140418,0.5666689397,0.8854416563,0.4732929121,0.5256440878,0.9351630824,0.7875524725,0.9374039803,0.8709318826,3082.627282,0.4534936231,0.5173892781,0.4324270554,0.3494849979,0.4574765704,0.885026924,0.3910895541,0.4881745944,0.9795998173,0.8256128938,0.0835403447,0.8872392619,0.5935607268,536,807.0,403.232,60.389,400.916
1,0.0,0.0,0.0,1.0,1.0,2.0,,1.0,0.0,1.0,1.0,2.0,0.0,1.0,0.0,0.0,0.0,0.0,1.0,1.0,0.0,0.0,0.0,1.0,0.0,1.0,0.0,1.0,0.0,0.0,0.0,1.0,0.0,0.0,0.6952449786,1.0,2.6247439261,0.9412761805,0.7472969084,0.5932886044,0.5402680771,0.3666614845,0.3753451824,0.9065880406,0.481430468,0.4406199749,0.8993008269,0.7769727295,0.8963982406,0.8642346436,3189.60305268,0.6923340723,0.5380061684,0.4236548352,0.2121963465,0.2710860754,0.9062417876,0.399105615,0.4035815206,0.9656695288,0.8163917798,0.1367500382,0.8812562931,0.6302199554,679,487.03,382.65,58.775,350.0
1,2.0,0.0,0.0,1.0,0.0,1.0,0.0,1.0,0.0,1.0,0.0,2.0,1.0,0.0,0.0,1.0,0.0,1.0,1.0,1.0,0.0,1.0,1.0,0.0,0.0,0.0,0.0,0.0,0.0,0.0,0.0,2.0,0.0,2.0,3.2519739872,0.0,2.2857518603,0.9727266697,0.5457512766,0.4266479464,0.5197175689,0.5711978223,0.7735999904,0.9302403592,0.1185966578,0.3620958653,0.9383943271,0.8598560177,0.9007297057,0.7945792494,3406.30982636,0.4735983635,0.3706043681,0.4025255599,0.4082784193,0.6957181944,0.9299750327,0.084126955,0.3273853787,0.98076238,0.8872681361,0.1311861617,0.8182582048,0.3245138668,546,699.22,316.26,48.867,212.0
0,1.0,1.0,0.0,1.0,1.0,1.0,0.0,2.0,0.0,0.0,0.0,1.0,1.0,2.0,2.0,1.0,1.0,0.0,2.0,0.0,0.0,0.0,0.0,0.0,1.0,0.0,0.0,0.0,0.0,0.0,0.0,2.0,1.0,1.0,1.4923196558,0.0,2.3109690099,0.8041673373,0.3208107583,0.3659559915,0.3871630478,0.2223899744,0.0196911838,0.5522001349,0.2553641363,0.4147364339,0.9124440257,0.6408767103,0.9346264413,0.8751693004,2328.06638313,0.2573938426,0.312796222,0.2757662402,0.1073612402,0.0111074193,0.5511891105,0.1926602802,0.3782605859,0.9709936946,0.6932319884,0.0871824229,0.8910180311,0.7516735735,663,1154.0,474.79,67.933,771.069
1,1.0,1.0,0.0,1.0,2.0,2.0,2.0,1.0,0.0,0.0,0.0,0.0,0.0,0.0,1.0,0.0,1.0,0.0,1.0,1.0,0.0,0.0,0.0,0.0,0.0,1.0,0.0,0.0,0.0,0.0,0.0,1.0,1.0,1.0,1.4923196558,1.0,2.6814166638,0.9785562839,0.6299120065,0.487985153,0.6560811002,0.8093648271,0.8540797778,0.8695950928,0.7622129902,0.8318419475,0.5919646841,0.4889607072,1.0,0.7188309511,3447.26064291,0.5620619402,0.4307419419,0.5501441488,0.7067342799,0.798660995,0.8691314408,0.7024468971,0.8108215848,0.7689861685,0.5458028792,0.0,0.7481517155,0.8759961747,454,366.65,122.13,19.295,125.0
1,0.0,0.0,0.0,0.0,1.0,0.0,2.0,1.0,0.0,0.0,0.0,0.0,0.0,0.0,2.0,0.0,1.0,0.0,1.0,1.0,0.0,0.0,0.0,0.0,0.0,1.0,0.0,0.0,0.0,0.0,0.0,2.0,0.0,0.0,0.6952449786,0.0,2.6460563294,0.9859700003,0.5514148466,0.620531905,0.7730300429,0.7726387261,0.7471914102,0.964731774,0.305679319,0.4792788487,0.9180504994,0.4982556396,0.9565362711,0.7014354437,3499.69262946,0.4794220996,0.5665840468,0.6906544318,0.6557904659,0.6631938333,0.9645926598,0.2356924518,0.4417750549,0.9731877758,0.5551248416,0.0583032977,0.7318167865,0.8186165126,729,691.7,251.04,38.625,285.0
0,1.0,0.0,0.0,1.0,2.0,1.0,1.0,1.0,0.0,0.0,1.0,0.0,0.0,0.0,2.0,0.0,1.0,0.0,0.0,1.0,0.0,0.0,0.0,0.0,0.0,0.0,0.0,0.0,0.0,0.0,0.0,1.0,0.0,1.0,1.9137853432,1.0,2.9787644729,0.9164253499,0.1951807407,0.24647068,0.308719184,0.7485022012,0.6932680917,0.7241001667,0.2801067529,0.3726282478,0.9445029666,0.7389827889,0.2016543562,0.6269262744,3023.40751891,0.1494613202,0.2039206135,0.2085228058,0.6232871444,0.5987090136,0.7232833375,0.2136128118,0.3374978996,0.9829183809,0.7828606935,0.8558090579,0.6608569216,0.7108702582,730,588.24,196.02,30.106,211.0
0,1.0,1.0,0.0,1.0,2.0,0.0,1.0,0.0,0.0,1.0,0.0,1.0,0.0,1.0,1.0,0.0,0.0,1.0,1.0,0.0,0.0,0.0,0.0,0.0,0.0,0.0,0.0,0.0,0.0,0.0,0.0,0.0,1.0,1.0,1.4923196558,2.0,2.6892861751,0.9808556476,0.4548411598,0.3423432535,0.3400529558,0.6544492358,0.7341030014,0.9829618247,0.5550781684,0.6541794424,0.9577271165,0.5948892019,0.9549382513,0.8010740465,3463.48008537,0.3826725713,0.2907615266,0.2346896124,0.5040252448,0.6473042463,0.9828933483,0.4736399511,0.6201833173,0.9873983829,0.6497108789,0.0604212172,0.8241917728,0.6343640421,476,776.12,385.47,60.183,433.0
0,1.0,0.0,0.0,0.0,2.0,1.0,0.0,0.0,0.0,,0.0,0.0,0.0,0.0,0.0,0.0,1.0,1.0,1.0,2.0,0.0,1.0,1.0,1.0,0.0,1.0,0.0,0.0,0.0,0.0,0.0,1.0,0.0,1.0,1.9137853432,1.0,2.2586791005,0.9135548265,0.3034406811,0.6884390625,0.6859582313,0.7160846641,0.7037222617,0.8948577402,0.3838984296,0.5269169502,0.9112206115,0.8620514468,0.8790113472,0.7371070196,3004.49671558,0.2419233755,0.6392981371,0.5848191539,0.580851718,0.6110086773,0.8944730488,0.3059048152,0.4894575106,0.9705087904,0.8891030336,0.1589491576,0.765218942,0.304430985,594,1002.0,442.0,47.0,507.079
1,1.0,0.0,1.0,2.0,2.0,0.0,0.0,2.0,0.0,0.0,1.0,1.0,2.0,1.0,0.0,0.0,0.0,1.0,1.0,1.0,0.0,0.0,0.0,1.0,0.0,0.0,0.0,0.0,0.0,0.0,0.0,1.0,0.0,1.0,1.9137853432,1.0,3.0655163391,0.986268437,0.7620910697,0.3634827696,0.3573186189,0.6345388198,0.9753044681,0.8902968566,0.6768373266,0.7727177347,0.9155071768,0.7476253911,0.8728833946,0.8701074627,3501.81154736,0.7093215658,0.3104763077,0.2495021098,0.4802875551,0.9645941675,0.8898975237,0.6047106554,0.7463259872,0.9721981616,0.7905466165,0.1667217292,0.8865034699,0.2833917756,1256,871.11,307.48,49.011,210.0
0,0.0,0.0,0.0,1.0,0.0,0.0,0.0,0.0,0.0,1.0,0.0,1.0,0.0,1.0,1.0,1.0,1.0,0.0,1.0,0.0,0.0,0.0,0.0,0.0,0.0,0.0,0.0,0.0,0.0,0.0,0.0,1.0,0.0,0.0,0.6952449786,1.0,2.3075801619,0.9718274275,0.5142531582,0.5968963398,0.5785817268,0.6638577107,0.5437379287,0.9364366937,0.6504853682,0.745815191,0.9291632749,0.6400460428,0.9132090723,0.8566295786,3400.01477587,0.4415501556,0.5417711012,0.4641063775,0.5154257439,0.4334197566,0.9361933242,0.5755143707,0.7173271533,0.977400569,0.692454404,0.1150812181,0.8744465399,0.471150781,513,411.74,249.1,36.945,426.0
0,0.0,0.0,0.0,1.0,1.0,1.0,2.0,0.0,0.0,1.0,1.0,1.0,0.0,1.0,0.0,1.0,0.0,0.0,2.0,0.0,0.0,1.0,1.0,0.0,0.0,0.0,0.0,0.0,0.0,0.0,0.0,1.0,0.0,0.0,0.6952449786,1.0,2.2066099946,0.9705703643,0.5482459494,0.4997795518,0.4817025127,0.4110113894,0.4313430817,0.901398145,0.4797547141,0.3775068735,0.9047551608,0.8588412803,0.8884086453,0.785003711,3391.22459543,0.476161285,0.4425032791,0.3644851581,0.2499876018,0.3222703412,0.9010347467,0.3974513097,0.3421933426,0.967909755,0.8864192971,0.1469777384,0.8094877849,0.5234300287,921,457.1,602.0,79.919,595.0
0,0.0,0.0,0.0,1.0,0.0,1.0,0.0,1.0,0.0,0.0,1.0,2.0,0.0,2.0,0.0,1.0,0.0,0.0,1.0,0.0,1.0,0.0,0.0,0.0,0.0,1.0,0.0,0.0,0.0,0.0,0.0,0.0,0.0,0.0,0.6952449786,2.0,1.8057628323,0.9858866102,0.7342010553,0.443215296,0.4423089918,0.7922248481,0.8313034533,0.9444340099,0.2612784872,0.8519893055,0.9152103014,0.7875588133,0.931211203,0.8918059771,3499.10066922,0.6774029758,0.3866777623,0.3264970585,0.6827356303,0.768943061,0.9442194434,0.1976319478,0.8330393167,0.9720820286,0.825618405,0.0916531419,0.9058036118,0.7570927638,852,879.15,356.01,51.996,308.0
1,0.0,0.0,0.0,1.0,0.0,1.0,0.0,1.0,0.0,0.0,2.0,1.0,0.0,1.0,1.0,0.0,1.0,0.0,1.0,1.0,1.0,1.0,1.0,0.0,0.0,1.0,0.0,1.0,0.0,0.0,0.0,0.0,0.0,0.0,0.6952449786,2.0,2.4911516037,0.9778006599,0.7195948913,0.2805846448,0.2846142295,0.3413945423,0.537394047,0.8525435387,0.4742384892,0.4921461081,0.6869234355,0.6618518497,0.9392805577,0.8234468199,3441.93886974,0.6608676788,0.234338192,0.1890201914,0.1918360137,0.4268470041,0.8520295405,0.392018771,0.4545870615,0.8445361756,0.712762684,0.0810765448,0.844537574,0.8581447243,1051,440.42,401.48,58.976,426.0
0,0.0,0.0,0.0,1.0,0.0,1.0,2.0,0.0,0.0,0.0,1.0,0.0,1.0,0.0,0.0,0.0,0.0,0.0,1.0,1.0,0.0,0.0,0.0,0.0,0.0,1.0,0.0,0.0,0.0,0.0,0.0,1.0,0.0,0.0,0.6952449786,1.0,2.2358801411,0.9847497543,0.2845246266,0.1303689025,0.1360187043,0.3258153173,0.3767307705,0.7593172602,0.3492808099,0.406363514,0.9030889544,0.6120113364,0.8908470051,0.7124574351,3491.03548293,0.2252757737,0.1043946,0.0808443988,0.1797054106,0.2723189083,0.7585700387,0.2743330364,0.3701127627,0.9672300297,0.666027149,0.1438611586,0.7421769744,0.5549888428,476,635.81,168.21,24.375,164.0
0,0.0,0.0,0.0,0.0,2.0,2.0,1.0,1.0,0.0,1.0,1.0,0.0,0.0,1.0,0.0,1.0,0.0,0.0,0.0,1.0,0.0,0.0,0.0,0.0,0.0,1.0,0.0,1.0,0.0,0.0,0.0,2.0,0.0,0.0,0.6952449786,0.0,2.3059904192,0.9555042808,0.2769077249,0.3496054658,0.3919069897,0.3607006251,0.2471758539,0.8487759215,0.3603185922,0.2560317016,0.9139740903,0.4295209045,0.9327392103,0.5563808154,3286.75834991,0.2186311273,0.2975112001,0.280018111,0.2073164838,0.1644306854,0.8482511198,0.2843138316,0.22740773,0.9715970531,0.4852608386,0.0896539327,0.5921874474,0.7669748167,1117,839.96,199.04,36.666,244.0
1,0.0,0.0,0.0,1.0,0.0,2.0,1.0,0.0,0.0,1.0,0.0,1.0,1.0,1.0,1.0,0.0,0.0,0.0,1.0,0.0,0.0,1.0,1.0,0.0,0.0,0.0,0.0,0.0,0.0,0.0,0.0,2.0,0.0,0.0,0.6952449786,0.0,2.384465425,0.9109290793,0.538811815,0.2886160142,0.2996077721,0.5381582792,0.4786739363,0.9368493952,0.6207093939,0.4715420815,0.9285046379,0.4669022067,0.9140821929,0.6919516196,2987.25043488,0.4664881082,0.2415768785,0.2010868894,0.3728355854,0.3677073362,0.9366074993,0.5430756018,0.4340954648,0.9771559294,0.5235229052,0.1139502722,0.7228741958,0.5530761874,513,748.09,221.07,38.53,209.0
1,0.0,0.0,0.0,0.0,1.0,2.0,1.0,0.0,0.0,1.0,0.0,0.0,0.0,1.0,0.0,0.0,0.0,1.0,1.0,0.0,0.0,0.0,0.0,2.0,0.0,2.0,0.0,0.0,0.0,0.0,0.0,1.0,0.0,0.0,0.6952449786,1.0,2.4845430069,0.9549759495,0.1962030011,0.3368788513,0.3488269224,0.2006491048,0.1031118538,0.6221998608,0.1062271561,0.2666246132,0.8932341265,0.6482429334,0.3582030002,0.0,3283.12463116,0.1503025007,0.2856987135,0.2421819629,0.0939639537,0.0619883661,0.6212387505,0.0749193161,0.237240791,0.9631265647,0.7001137437,0.7238547789,0.0,0.8575071725,1652,743.25,337.87,51.803,125.0
0,0.0,0.0,0.0,1.0,0.0,0.0,0.0,0.0,0.0,0.0,0.0,0.0,0.0,1.0,0.0,0.0,1.0,0.0,1.0,0.0,0.0,1.0,1.0,0.0,0.0,0.0,0.0,0.0,0.0,0.0,0.0,2.0,0.0,0.0,0.6952449786,0.0,2.4356635647,0.9789828563,0.4133741616,0.4350325665,0.3748954069,0.4867205469,0.6067936508,0.9399743046,0.3355331129,0.5154747906,0.9233166041,0.5469392934,0.7871519688,0.438335283,3450.26675874,0.3427960703,0.3787232821,0.2648690557,0.3205466347,0.5006962827,0.9397436117,0.2620141919,0.4779424605,0.9752066924,0.6033079824,0.2726507709,0.4740514283,0.6490277335,549,693.06,229.88,41.332,311.0
1,0.0,0.0,0.0,0.0,1.0,1.0,1.0,0.0,0.0,1.0,1.0,1.0,1.0,1.0,1.0,0.0,0.0,0.0,1.0,0.0,0.0,1.0,1.0,0.0,0.0,1.0,0.0,0.0,0.0,0.0,0.0,0.0,0.0,0.0,0.6952449786,2.0,2.3361458006,0.9719343095,0.7159432107,0.6304300355,0.6283345456,0.663118125,0.6414199413,0.6311955564,0.4262394242,0.5539785392,0.7087395226,0.7250017445,0.6477573728,0.815601229,3400.76268721,0.6567531013,0.5770512869,0.5186925239,0.5145253036,0.5391444315,0.6302437661,0.3455949312,0.5168480719,0.8600261827,0.7703553065,0.433684384,0.8374193277,0.5176920625,439,751.95,212.79,37.931,162.0
